item_id,open_time,open,high,low,close,volume,close_time,quote_asset_volume,number_of_trades,taker_buy_base_asset_volume,taker_buy_quote_asset_volume,ignore
ACHUSDT,1737974700000,0.02864000,0.02887000,0.02752000,0.02769000,33566263.00000000,1737975599999,944757.99720000,5383,15983992.00000000,451049.84559000,0
ACHUSDT,1737975600000,0.02767000,0.02823000,0.02715000,0.02810000,35013682.00000000,1737976499999,967914.51739000,5923,17288079.00000000,478653.14028000,0
ACHUSDT,1737976500000,0.02812000,0.02898000,0.02799000,0.02896000,36348116.00000000,1737977399999,1040181.56907000,5773,18621304.00000000,533017.86363000,0
ACHUSDT,1737977400000,0.02897000,0.03011000,0.02847000,0.02887000,56405313.00000000,1737978299999,1653181.48151000,9800,28440888.00000000,835240.33869000,0
ACHUSDT,1737978300000,0.02888000,0.02925000,0.02837000,0.02847000,28791993.00000000,1737979199999,827694.95295000,4669,14629852.00000000,420952.95210000,0
ACHUSDT,1737979200000,0.02844000,0.02892000,0.02807000,0.02867000,32852160.00000000,1737980099999,935021.59639000,6072,17023154.00000000,484784.36974000,0
ACHUSDT,1737980100000,0.02867000,0.02967000,0.02867000,0.02936000,35601346.00000000,1737980999999,1041704.37823000,6797,20027081.00000000,586177.21312000,0
ACHUSDT,1737981000000,0.02932000,0.03009000,0.02922000,0.03007000,56428729.00000000,1737981899999,1682398.99771000,9219,29599864.00000000,882945.45517000,0
ACHUSDT,1737981900000,0.03008000,0.03157000,0.02960000,0.03018000,108239094.00000000,1737982799999,3310026.97452000,17052,59690325.00000000,1826386.59821000,0
ACHUSDT,1737982800000,0.03017000,0.03033000,0.02895000,0.02925000,56890377.00000000,1737983699999,1680326.76713000,9344,24746954.00000000,731806.14856000,0
ACHUSDT,1737983700000,0.02923000,0.03021000,0.02895000,0.02977000,57153056.00000000,1737984599999,1694079.45146000,8012,30868998.00000000,915530.37119000,0
ACHUSDT,1737984600000,0.02977000,0.03074000,0.02937000,0.03061000,48070941.00000000,1737985499999,1449177.44124000,7878,25812146.00000000,779117.09145000,0
ACHUSDT,1737985500000,0.03062000,0.03116000,0.02999000,0.03088000,61094383.00000000,1737986399999,1868814.77735000,9004,31250309.00000000,956184.82110000,0
ACHUSDT,1737986400000,0.03085000,0.03323000,0.03073000,0.03304000,140901779.00000000,1737987299999,4503280.71930000,22375,81564084.00000000,2608321.72026000,0
ACHUSDT,1737987300000,0.03299000,0.03450000,0.03179000,0.03421000,172569686.00000000,1737988199999,5698984.77640000,25055,88902773.00000000,2939845.08596000,0
ACHUSDT,1737988200000,0.03421000,0.03450000,0.03145000,0.03171000,139384158.00000000,1737989099999,4596891.25912000,20345,64874485.00000000,2134659.15683000,0
ACHUSDT,1737989100000,0.03172000,0.03303000,0.03100000,0.03268000,79478962.00000000,1737989999999,2530191.25559000,12021,39026884.00000000,1243343.03878000,0
ACHUSDT,1737990000000,0.03266000,0.03317000,0.03142000,0.03169000,67246851.00000000,1737990899999,2177500.63181000,11644,30976533.00000000,1002554.04252000,0
ACHUSDT,1737990900000,0.03170000,0.03300000,0.03150000,0.03243000,69931599.00000000,1737991799999,2259905.63122000,10606,35020670.00000000,1130742.33185000,0
ACHUSDT,1737991800000,0.03243000,0.03500000,0.03243000,0.03461000,101584555.00000000,1737992699999,3445518.34542000,15934,58415859.00000000,1980969.69590000,0
ACHUSDT,1737992700000,0.03460000,0.03649000,0.03407000,0.03576000,147793203.00000000,1737993599999,5217790.85271000,26678,77792329.00000000,2749490.03880000,0
ACHUSDT,1737993600000,0.03576000,0.04111000,0.03539000,0.04019000,305480053.00000000,1737994499999,11701879.84058000,51744,165246997.00000000,6332473.88276000,0
ACHUSDT,1737994500000,0.04019000,0.04023000,0.03642000,0.03772000,201834563.00000000,1737995399999,7732581.56645000,35256,100206742.00000000,3841361.31967000,0
ACHUSDT,1737995400000,0.03771000,0.04039000,0.03705000,0.03730000,191759049.00000000,1737996299999,7477201.26936000,31641,92911447.00000000,3623491.38228000,0
ACHUSDT,1737996300000,0.03730000,0.03845000,0.03581000,0.03725000,132733249.00000000,1737997199999,4955103.38321000,22968,67035342.00000000,2504706.36825000,0
ACHUSDT,1737997200000,0.03727000,0.03756000,0.03488000,0.03605000,118720218.00000000,1737998099999,4292246.09161000,19864,58900168.00000000,2130006.27100000,0
ACHUSDT,1737998100000,0.03604000,0.03745000,0.03557000,0.03665000,96649378.00000000,1737998999999,3538469.62307000,15698,49996305.00000000,1830056.34472000,0
ACHUSDT,1737999000000,0.03661000,0.03811000,0.03571000,0.03628000,95912281.00000000,1737999899999,3557855.82475000,15182,44469687.00000000,1649874.09832000,0
ACHUSDT,1737999900000,0.03630000,0.03632000,0.03390000,0.03540000,99943159.00000000,1738000799999,3475933.75571000,14231,53084331.00000000,1842582.75488000,0
ACHUSDT,1738000800000,0.03539000,0.03564000,0.03323000,0.03471000,81370632.00000000,1738001699999,2790206.85154000,12866,40340107.00000000,1384856.89026000,0
ACHUSDT,1738001700000,0.03471000,0.03538000,0.03455000,0.03503000,51943992.00000000,1738002599999,1818904.55896000,7176,21899635.00000000,766817.28680000,0
ACHUSDT,1738002600000,0.03504000,0.03750000,0.03482000,0.03729000,100250340.00000000,1738003499999,3655788.64006000,17052,56845192.00000000,2073270.63170000,0
ACHUSDT,1738003500000,0.03728000,0.03890000,0.03588000,0.03882000,121035606.00000000,1738004399999,4520132.17220000,20552,62464565.00000000,2336549.05932000,0
ACHUSDT,1738004400000,0.03885000,0.03954000,0.03708000,0.03894000,139558574.00000000,1738005299999,5375188.30450000,25261,69414098.00000000,2675310.51721000,0
ACHUSDT,1738005300000,0.03894000,0.04000000,0.03867000,0.03958000,101670778.00000000,1738006199999,3994177.50458000,20029,53227952.00000000,2091727.89719000,0
ACHUSDT,1738006200000,0.03958000,0.04240000,0.03938000,0.04223000,188737936.00000000,1738007099999,7771174.01347000,35402,104568855.00000000,4307106.55045000,0
ACHUSDT,1738007100000,0.04222000,0.04668000,0.04072000,0.04206000,360290614.00000000,1738007999999,15639620.61041000,67358,186333473.00000000,8094355.27405000,0
ACHUSDT,1738008000000,0.04206000,0.04500000,0.03980000,0.04363000,205207273.00000000,1738008899999,8680130.96689000,46078,103657901.00000000,4389454.35579000,0
ACHUSDT,1738008900000,0.04359000,0.04362000,0.04172000,0.04239000,124610231.00000000,1738009799999,5317421.23905000,26683,64210030.00000000,2741058.35835000,0
ACHUSDT,1738009800000,0.04239000,0.04444000,0.04054000,0.04133000,144082398.00000000,1738010699999,6109210.98558000,30592,69860913.00000000,2967377.68813000,0
ACHUSDT,1738010700000,0.04134000,0.04208000,0.03840000,0.04042000,158163455.00000000,1738011599999,6293524.07281000,30942,81231747.00000000,3231862.59799000,0
ACHUSDT,1738011600000,0.04041000,0.04140000,0.03842000,0.04086000,124690954.00000000,1738012499999,4989981.35382000,27528,56738932.00000000,2271862.02057000,0
ACHUSDT,1738012500000,0.04087000,0.04108000,0.03914000,0.03940000,77423213.00000000,1738013399999,3090527.40791000,18197,35287763.00000000,1409560.95622000,0
ACHUSDT,1738013400000,0.03942000,0.04100000,0.03877000,0.03891000,74281280.00000000,1738014299999,2956147.93397000,15347,35602607.00000000,1419466.73788000,0
ACHUSDT,1738014300000,0.03891000,0.03950000,0.03734000,0.03817000,63936661.00000000,1738015199999,2456171.05097000,14744,29963678.00000000,1152656.96419000,0
ACHUSDT,1738015200000,0.03816000,0.03870000,0.03722000,0.03799000,60950523.00000000,1738016099999,2313654.73112000,12421,29512048.00000000,1121033.87444000,0
ACHUSDT,1738016100000,0.03798000,0.03937000,0.03779000,0.03873000,59611009.00000000,1738016999999,2294171.95954000,11905,30477231.00000000,1174321.57280000,0
ACHUSDT,1738017000000,0.03872000,0.04045000,0.03865000,0.03906000,62049042.00000000,1738017899999,2453581.49138000,14165,31338034.00000000,1240666.56113000,0
ACHUSDT,1738017900000,0.03906000,0.03910000,0.03746000,0.03839000,38709870.00000000,1738018799999,1476730.09606000,9878,17042350.00000000,650327.87043000,0
ACHUSDT,1738018800000,0.03843000,0.03904000,0.03745000,0.03795000,40165463.00000000,1738019699999,1536169.13708000,9570,21258956.00000000,813364.10505000,0
ACHUSDT,1738019700000,0.03793000,0.03797000,0.03644000,0.03688000,66937743.00000000,1738020599999,2478959.17787000,14133,31644405.00000000,1171751.69802000,0
ACHUSDT,1738020600000,0.03687000,0.03788000,0.03685000,0.03773000,42323361.00000000,1738021499999,1586107.76998000,7214,23438873.00000000,878694.56443000,0
ACHUSDT,1738021500000,0.03774000,0.03863000,0.03756000,0.03857000,64997389.00000000,1738022399999,2485141.60443000,10203,35706556.00000000,1364976.60963000,0
ACHUSDT,1738022400000,0.03859000,0.03865000,0.03639000,0.03678000,109477829.00000000,1738023299999,4063306.73298000,21272,48354727.00000000,1795269.56930000,0
ACHUSDT,1738023300000,0.03677000,0.03763000,0.03654000,0.03657000,55003477.00000000,1738024199999,2036811.72726000,10486,25112253.00000000,930496.85828000,0
ACHUSDT,1738024200000,0.03658000,0.03658000,0.03555000,0.03591000,64881087.00000000,1738025099999,2332956.51212000,11982,28155172.00000000,1012245.45794000,0
ACHUSDT,1738025100000,0.03593000,0.03610000,0.03514000,0.03526000,59814057.00000000,1738025999999,2131499.64488000,10373,23866630.00000000,851689.56491000,0
ACHUSDT,1738026000000,0.03528000,0.03563000,0.03500000,0.03516000,37116068.00000000,1738026899999,1310556.94228000,6239,13625018.00000000,481380.05135000,0
ACHUSDT,1738026900000,0.03515000,0.03517000,0.03444000,0.03479000,43570652.00000000,1738027799999,1513388.29196000,7624,15356284.00000000,533665.12063000,0
ACHUSDT,1738027800000,0.03480000,0.03538000,0.03415000,0.03529000,51508860.00000000,1738028699999,1781599.91428000,9954,22722119.00000000,786637.89812000,0
ACHUSDT,1738028700000,0.03528000,0.03545000,0.03477000,0.03503000,23163901.00000000,1738029599999,813170.83713000,5449,11990106.00000000,420943.21163000,0
ACHUSDT,1738029600000,0.03504000,0.03551000,0.03460000,0.03505000,27856960.00000000,1738030499999,975001.44803000,6794,14655124.00000000,512922.96332000,0
ACHUSDT,1738030500000,0.03506000,0.03599000,0.03503000,0.03579000,27889370.00000000,1738031399999,993421.10330000,4517,13952313.00000000,496502.32831000,0
ACHUSDT,1738031400000,0.03579000,0.03644000,0.03576000,0.03596000,25929541.00000000,1738032299999,933975.45719000,4850,11805695.00000000,425689.89669000,0
ACHUSDT,1738032300000,0.03599000,0.03617000,0.03536000,0.03559000,19152946.00000000,1738033199999,683928.81004000,3271,9319102.00000000,332780.03443000,0
ACHUSDT,1738033200000,0.03559000,0.03577000,0.03485000,0.03510000,23958586.00000000,1738034099999,843045.87099000,5241,13504067.00000000,475292.11742000,0
ACHUSDT,1738034100000,0.03510000,0.03629000,0.03505000,0.03623000,24553207.00000000,1738034999999,878952.91330000,5225,12841131.00000000,459741.86155000,0
ACHUSDT,1738035000000,0.03622000,0.03642000,0.03566000,0.03607000,30294348.00000000,1738035899999,1091564.68694000,5315,14057230.00000000,506438.33653000,0
ACHUSDT,1738035900000,0.03608000,0.03647000,0.03587000,0.03635000,19320107.00000000,1738036799999,700091.76548000,3726,9778678.00000000,354580.19683000,0
ACHUSDT,1738036800000,0.03635000,0.03751000,0.03605000,0.03682000,91315616.00000000,1738037699999,3366456.30239000,15497,51346553.00000000,1892426.61981000,0
ACHUSDT,1738037700000,0.03683000,0.03707000,0.03607000,0.03608000,29905188.00000000,1738038599999,1092267.63472000,5585,16074127.00000000,587763.45915000,0
ACHUSDT,1738038600000,0.03608000,0.03618000,0.03504000,0.03521000,34525757.00000000,1738039499999,1222996.84037000,7478,17214243.00000000,609440.48163000,0
ACHUSDT,1738039500000,0.03521000,0.03545000,0.03436000,0.03463000,45624252.00000000,1738040399999,1583289.32683000,7815,27767596.00000000,962789.49612000,0
ACHUSDT,1738040400000,0.03464000,0.03489000,0.03419000,0.03448000,33293148.00000000,1738041299999,1150981.31591000,5738,19769533.00000000,683832.63846000,0
ACHUSDT,1738041300000,0.03446000,0.03491000,0.03427000,0.03427000,22095127.00000000,1738042199999,764086.13156000,3872,10156809.00000000,351024.30458000,0
ACHUSDT,1738042200000,0.03428000,0.03499000,0.03428000,0.03480000,25441675.00000000,1738043099999,881039.63470000,4133,15140038.00000000,524369.15324000,0
ACHUSDT,1738043100000,0.03481000,0.03504000,0.03433000,0.03439000,18307243.00000000,1738043999999,635736.56642000,3260,7532486.00000000,261589.25767000,0
ACHUSDT,1738044000000,0.03438000,0.03459000,0.03343000,0.03389000,41647697.00000000,1738044899999,1418703.59341000,7394,17244874.00000000,587696.55087000,0
ACHUSDT,1738044900000,0.03389000,0.03400000,0.03355000,0.03386000,29463220.00000000,1738045799999,996454.64728000,4750,15242142.00000000,515713.83359000,0
ACHUSDT,1738045800000,0.03385000,0.03403000,0.03348000,0.03359000,32095480.00000000,1738046699999,1082042.29587000,5007,16847097.00000000,568231.81036000,0
ACHUSDT,1738046700000,0.03358000,0.03414000,0.03353000,0.03375000,19573015.00000000,1738047599999,662205.44495000,4528,11637988.00000000,393895.91764000,0
ACHUSDT,1738047600000,0.03375000,0.03459000,0.03374000,0.03457000,31174669.00000000,1738048499999,1066400.65603000,6033,18507614.00000000,633113.47285000,0
ACHUSDT,1738048500000,0.03458000,0.03460000,0.03366000,0.03382000,22797835.00000000,1738049399999,777060.38627000,4124,11304072.00000000,385381.56643000,0
ACHUSDT,1738049400000,0.03385000,0.03398000,0.03323000,0.03326000,21894508.00000000,1738050299999,733648.76513000,4717,9424506.00000000,315993.05798000,0
ACHUSDT,1738050300000,0.03326000,0.03357000,0.03323000,0.03331000,19680998.00000000,1738051199999,657599.19639000,3059,11165129.00000000,373100.82973000,0
ACHUSDT,1738051200000,0.03331000,0.03337000,0.03266000,0.03298000,37099193.00000000,1738052099999,1222529.56664000,7416,18087868.00000000,596365.60350000,0
ACHUSDT,1738052100000,0.03298000,0.03316000,0.03260000,0.03291000,23460944.00000000,1738052999999,769907.30489000,4384,12368095.00000000,405967.20475000,0
ACHUSDT,1738053000000,0.03292000,0.03318000,0.03270000,0.03300000,26751860.00000000,1738053899999,880739.55806000,3917,14965718.00000000,492612.42837000,0
ACHUSDT,1738053900000,0.03301000,0.03353000,0.03297000,0.03342000,25682621.00000000,1738054799999,854727.77333000,4128,16624153.00000000,553084.87491000,0
ACHUSDT,1738054800000,0.03342000,0.03380000,0.03311000,0.03338000,28156578.00000000,1738055699999,941394.18395000,4924,16867680.00000000,564621.92928000,0
ACHUSDT,1738055700000,0.03336000,0.03338000,0.03297000,0.03300000,12375658.00000000,1738056599999,410330.41468000,2525,6347159.00000000,210609.82352000,0
ACHUSDT,1738056600000,0.03301000,0.03329000,0.03280000,0.03293000,14885870.00000000,1738057499999,492001.42368000,2883,7187194.00000000,237623.92194000,0
ACHUSDT,1738057500000,0.03293000,0.03340000,0.03291000,0.03334000,17974323.00000000,1738058399999,597076.13699000,2935,10228179.00000000,339820.08149000,0
ACHUSDT,1738058400000,0.03335000,0.03367000,0.03280000,0.03361000,28534606.00000000,1738059299999,945549.51943000,5184,16527321.00000000,547828.81867000,0
ACHUSDT,1738059300000,0.03361000,0.03432000,0.03337000,0.03365000,34420425.00000000,1738060199999,1162728.38236000,5858,21686715.00000000,732618.40062000,0
ACHUSDT,1738060200000,0.03368000,0.03394000,0.03336000,0.03346000,30788831.00000000,1738061099999,1034235.09370000,4571,18492646.00000000,621037.83565000,0
ACHUSDT,1738061100000,0.03345000,0.03345000,0.03295000,0.03311000,14539288.00000000,1738061999999,481257.41405000,2860,7272207.00000000,240605.77251000,0
ACHUSDT,1738062000000,0.03312000,0.03330000,0.03276000,0.03282000,16731796.00000000,1738062899999,552167.49325000,2986,7977603.00000000,263472.15375000,0
ACHUSDT,1738062900000,0.03283000,0.03290000,0.03255000,0.03278000,24139205.00000000,1738063799999,789496.94519000,5363,12518081.00000000,409603.06373000,0
ACHUSDT,1738063800000,0.03278000,0.03289000,0.03245000,0.03276000,19155431.00000000,1738064699999,625142.25663000,4240,11365721.00000000,370993.02339000,0
ACHUSDT,1738064700000,0.03277000,0.03287000,0.03214000,0.03219000,23775833.00000000,1738065599999,771096.99040000,4634,8211635.00000000,266766.71364000,0
ACHUSDT,1738065600000,0.03220000,0.03250000,0.03213000,0.03234000,22779510.00000000,1738066499999,735309.89255000,5064,11445118.00000000,369562.28504000,0
ACHUSDT,1738066500000,0.03236000,0.03236000,0.03141000,0.03147000,33854826.00000000,1738067399999,1076739.73317000,5098,12360275.00000000,393547.72562000,0
ACHUSDT,1738067400000,0.03147000,0.03147000,0.03077000,0.03118000,56982901.00000000,1738068299999,1769684.12512000,9849,26151703.00000000,812111.85745000,0
ACHUSDT,1738068300000,0.03117000,0.03123000,0.03079000,0.03094000,20397877.00000000,1738069199999,631863.79241000,4044,11527807.00000000,357233.14412000,0
ACHUSDT,1738069200000,0.03096000,0.03130000,0.03088000,0.03126000,22536047.00000000,1738070099999,701358.19955000,2919,11961230.00000000,372031.42082000,0
ACHUSDT,1738070100000,0.03127000,0.03154000,0.03105000,0.03136000,14874983.00000000,1738070999999,465436.99536000,2254,10242106.00000000,320707.45826000,0
ACHUSDT,1738071000000,0.03137000,0.03168000,0.03125000,0.03152000,11458774.00000000,1738071899999,361104.61091000,2046,7045100.00000000,222100.14585000,0
ACHUSDT,1738071900000,0.03153000,0.03167000,0.03137000,0.03152000,12656259.00000000,1738072799999,398806.70429000,1807,6750507.00000000,212840.38017000,0
ACHUSDT,1738072800000,0.03152000,0.03164000,0.03103000,0.03123000,19994337.00000000,1738073699999,624629.12176000,3869,8854274.00000000,276680.36707000,0
ACHUSDT,1738073700000,0.03124000,0.03134000,0.03097000,0.03121000,10965379.00000000,1738074599999,341489.72337000,2421,5310259.00000000,165412.17960000,0
ACHUSDT,1738074600000,0.03122000,0.03167000,0.03111000,0.03134000,36387424.00000000,1738075499999,1144419.36477000,4392,17981847.00000000,565366.01514000,0
ACHUSDT,1738075500000,0.03135000,0.03155000,0.03102000,0.03126000,17545729.00000000,1738076399999,547909.99005000,2682,8610873.00000000,269006.91252000,0
ACHUSDT,1738076400000,0.03127000,0.03162000,0.03101000,0.03102000,13766278.00000000,1738077299999,431701.52522000,2605,7352374.00000000,230756.29556000,0
ACHUSDT,1738077300000,0.03102000,0.03127000,0.03052000,0.03116000,32845617.00000000,1738078199999,1014246.57547000,4598,13954026.00000000,431188.02399000,0
ACHUSDT,1738078200000,0.03115000,0.03160000,0.03114000,0.03121000,22662344.00000000,1738079099999,709477.05926000,3007,9343405.00000000,292574.56448000,0
ACHUSDT,1738079100000,0.03121000,0.03132000,0.03060000,0.03084000,14646520.00000000,1738079999999,452971.31788000,2366,6445287.00000000,199427.31662000,0
ACHUSDT,1738080000000,0.03084000,0.03113000,0.03059000,0.03081000,21013215.00000000,1738080899999,647516.01039000,3184,9828544.00000000,303061.63311000,0
ACHUSDT,1738080900000,0.03079000,0.03132000,0.03069000,0.03129000,16084633.00000000,1738081799999,498903.67634000,2937,9295059.00000000,288489.87355000,0
ACHUSDT,1738081800000,0.03127000,0.03234000,0.03127000,0.03171000,43825111.00000000,1738082699999,1393208.29765000,7328,29644346.00000000,942858.87839000,0
ACHUSDT,1738082700000,0.03172000,0.03195000,0.03103000,0.03106000,21805405.00000000,1738083599999,683702.12905000,4050,10735132.00000000,336602.97170000,0
ACHUSDT,1738083600000,0.03107000,0.03123000,0.03086000,0.03106000,29036481.00000000,1738084499999,900492.38723000,3412,11746623.00000000,364333.52431000,0
ACHUSDT,1738084500000,0.03105000,0.03138000,0.03085000,0.03095000,17471277.00000000,1738085399999,543804.06496000,2602,8839397.00000000,275284.08697000,0
ACHUSDT,1738085400000,0.03094000,0.03112000,0.03076000,0.03103000,13636103.00000000,1738086299999,421876.88782000,2016,6682115.00000000,206858.94280000,0
ACHUSDT,1738086300000,0.03102000,0.03122000,0.03078000,0.03079000,11286487.00000000,1738087199999,350479.68589000,1679,6949505.00000000,215988.14464000,0
ACHUSDT,1738087200000,0.03080000,0.03086000,0.03013000,0.03023000,24414222.00000000,1738088099999,741525.59724000,3967,10712712.00000000,325572.52062000,0
ACHUSDT,1738088100000,0.03024000,0.03034000,0.03004000,0.03029000,19459673.00000000,1738088999999,587345.52766000,3523,8836830.00000000,266784.79373000,0
ACHUSDT,1738089000000,0.03028000,0.03040000,0.02972000,0.02975000,27422778.00000000,1738089899999,822398.51484000,4464,10597270.00000000,318204.63669000,0
ACHUSDT,1738089900000,0.02974000,0.03009000,0.02968000,0.03001000,21546493.00000000,1738090799999,643314.28561000,2773,13841181.00000000,413620.83764000,0
ACHUSDT,1738090800000,0.02999000,0.03010000,0.02975000,0.02998000,14034803.00000000,1738091699999,419293.11119000,2654,7799157.00000000,232980.18775000,0
ACHUSDT,1738091700000,0.02998000,0.03001000,0.02962000,0.02978000,16043088.00000000,1738092599999,477321.89054000,2279,5509004.00000000,163935.10715000,0
ACHUSDT,1738092600000,0.02978000,0.02984000,0.02926000,0.02956000,25202144.00000000,1738093499999,743082.20607000,3990,12694391.00000000,374286.35748000,0
ACHUSDT,1738093500000,0.02955000,0.02999000,0.02952000,0.02983000,18423365.00000000,1738094399999,547702.85809000,3190,10735367.00000000,319397.75448000,0
ACHUSDT,1738094400000,0.02984000,0.03042000,0.02984000,0.03029000,25321757.00000000,1738095299999,764035.52621000,4193,15917035.00000000,480345.90886000,0
ACHUSDT,1738095300000,0.03030000,0.03065000,0.03028000,0.03057000,28572089.00000000,1738096199999,870946.68373000,3776,18566485.00000000,565814.71133000,0
ACHUSDT,1738096200000,0.03057000,0.03080000,0.02999000,0.03005000,32073585.00000000,1738097099999,976974.92225000,4754,17730763.00000000,541114.40311000,0
ACHUSDT,1738097100000,0.03006000,0.03013000,0.02980000,0.03011000,13887337.00000000,1738097999999,416130.60395000,2998,8115277.00000000,243245.72466000,0
ACHUSDT,1738098000000,0.03010000,0.03018000,0.02977000,0.02981000,13886421.00000000,1738098899999,416426.78010000,2203,5889163.00000000,176720.22113000,0
ACHUSDT,1738098900000,0.02980000,0.03003000,0.02960000,0.02997000,11518649.00000000,1738099799999,342835.46949000,1889,6257492.00000000,186378.42278000,0
ACHUSDT,1738099800000,0.02997000,0.03002000,0.02972000,0.02981000,8244825.00000000,1738100699999,246285.39506000,1367,4879613.00000000,145779.67939000,0
ACHUSDT,1738100700000,0.02982000,0.02983000,0.02929000,0.02935000,13647619.00000000,1738101599999,403125.75160000,1979,4465148.00000000,131739.00041000,0
ACHUSDT,1738101600000,0.02935000,0.02954000,0.02927000,0.02953000,17142894.00000000,1738102499999,503953.47316000,2297,8580581.00000000,252219.02679000,0
ACHUSDT,1738102500000,0.02953000,0.02988000,0.02946000,0.02964000,12170431.00000000,1738103399999,361026.32744000,1414,6345141.00000000,188149.74003000,0
ACHUSDT,1738103400000,0.02964000,0.02986000,0.02953000,0.02965000,8011316.00000000,1738104299999,238018.80186000,1162,4094236.00000000,121563.30795000,0
ACHUSDT,1738104300000,0.02964000,0.03039000,0.02964000,0.02999000,18717430.00000000,1738105199999,562908.05876000,3364,11915495.00000000,358420.22828000,0
ACHUSDT,1738105200000,0.02999000,0.03057000,0.02995000,0.03035000,14264550.00000000,1738106099999,431870.04087000,2801,8853332.00000000,268038.04502000,0
ACHUSDT,1738106100000,0.03036000,0.03100000,0.03020000,0.03080000,22209728.00000000,1738106999999,680869.40162000,3431,14870533.00000000,456395.88031000,0
ACHUSDT,1738107000000,0.03077000,0.03134000,0.03059000,0.03105000,29509931.00000000,1738107899999,915707.95828000,5724,16014824.00000000,496464.91405000,0
ACHUSDT,1738107900000,0.03106000,0.03107000,0.03066000,0.03090000,18586944.00000000,1738108799999,573230.46111000,2493,9464503.00000000,291758.14850000,0
ACHUSDT,1738108800000,0.03090000,0.03190000,0.03068000,0.03152000,43667469.00000000,1738109699999,1376541.16173000,7728,21339578.00000000,672412.41326000,0
ACHUSDT,1738109700000,0.03150000,0.03190000,0.03100000,0.03112000,30228195.00000000,1738110599999,952372.77738000,4037,15292179.00000000,481904.37333000,0
ACHUSDT,1738110600000,0.03113000,0.03127000,0.03092000,0.03121000,18891412.00000000,1738111499999,587065.58296000,2281,8778738.00000000,273069.87157000,0
ACHUSDT,1738111500000,0.03120000,0.03138000,0.03086000,0.03098000,10753633.00000000,1738112399999,334298.82419000,1689,4936165.00000000,153543.66805000,0
ACHUSDT,1738112400000,0.03098000,0.03107000,0.03050000,0.03076000,11304438.00000000,1738113299999,346757.21293000,1512,4329887.00000000,132827.11475000,0
ACHUSDT,1738113300000,0.03075000,0.03083000,0.03036000,0.03038000,6860319.00000000,1738114199999,209987.09043000,1013,3011992.00000000,92207.67590000,0
ACHUSDT,1738114200000,0.03038000,0.03040000,0.03002000,0.03021000,16358107.00000000,1738115099999,493895.17503000,1768,8866214.00000000,267725.43541000,0
ACHUSDT,1738115100000,0.03021000,0.03060000,0.03012000,0.03057000,10352169.00000000,1738115999999,314005.11181000,1275,6651143.00000000,201979.41895000,0
ACHUSDT,1738116000000,0.03056000,0.03115000,0.03053000,0.03100000,10660972.00000000,1738116899999,329471.02286000,1695,6319502.00000000,195169.54495000,0
ACHUSDT,1738116900000,0.03100000,0.03130000,0.03096000,0.03119000,12095542.00000000,1738117799999,376730.78673000,1599,6133342.00000000,191079.77398000,0
ACHUSDT,1738117800000,0.03120000,0.03176000,0.03117000,0.03141000,10354439.00000000,1738118699999,326068.79136000,1712,5860697.00000000,184504.08842000,0
ACHUSDT,1738118700000,0.03142000,0.03159000,0.03118000,0.03142000,6587861.00000000,1738119599999,206762.93296000,1087,3194530.00000000,100303.11637000,0
ACHUSDT,1738119600000,0.03143000,0.03184000,0.03128000,0.03163000,10207567.00000000,1738120499999,322314.87054000,1417,5967636.00000000,188537.59816000,0
ACHUSDT,1738120500000,0.03163000,0.03189000,0.03129000,0.03187000,5859418.00000000,1738121399999,184773.55951000,893,2896263.00000000,91541.47482000,0
ACHUSDT,1738121400000,0.03187000,0.03326000,0.03175000,0.03298000,39274107.00000000,1738122299999,1284201.68254000,7494,19959466.00000000,652066.41044000,0
ACHUSDT,1738122300000,0.03300000,0.03331000,0.03262000,0.03296000,24216526.00000000,1738123199999,798275.62755000,4754,10434882.00000000,344198.56465000,0
ACHUSDT,1738123200000,0.03293000,0.03362000,0.03276000,0.03338000,29125324.00000000,1738124099999,970445.20617000,5597,13978718.00000000,465699.38002000,0
ACHUSDT,1738124100000,0.03341000,0.03362000,0.03267000,0.03295000,24816218.00000000,1738124999999,821417.01643000,4150,12547488.00000000,415638.72942000,0
ACHUSDT,1738125000000,0.03293000,0.03293000,0.03213000,0.03224000,17573438.00000000,1738125899999,571085.22675000,2926,8392969.00000000,272565.17820000,0
ACHUSDT,1738125900000,0.03223000,0.03272000,0.03223000,0.03238000,6657019.00000000,1738126799999,216418.73123000,1136,3121622.00000000,101469.17737000,0
ACHUSDT,1738126800000,0.03239000,0.03316000,0.03220000,0.03224000,16297594.00000000,1738127699999,532214.42993000,2624,8160273.00000000,266636.47212000,0
ACHUSDT,1738127700000,0.03225000,0.03228000,0.03186000,0.03187000,14115315.00000000,1738128599999,452315.90860000,2065,4645072.00000000,149014.26347000,0
ACHUSDT,1738128600000,0.03187000,0.03250000,0.03176000,0.03240000,10634587.00000000,1738129499999,342004.07871000,1827,5864521.00000000,188756.24302000,0
ACHUSDT,1738129500000,0.03238000,0.03350000,0.03226000,0.03304000,25772109.00000000,1738130399999,848951.47731000,3573,16447738.00000000,541351.01822000,0
ACHUSDT,1738130400000,0.03305000,0.03630000,0.03297000,0.03591000,73667041.00000000,1738131299999,2583990.84230000,13436,43587957.00000000,1526262.17528000,0
ACHUSDT,1738131300000,0.03592000,0.03661000,0.03479000,0.03564000,54029706.00000000,1738132199999,1922882.23979000,12272,23184667.00000000,824788.90288000,0
ACHUSDT,1738132200000,0.03563000,0.03583000,0.03451000,0.03511000,38439918.00000000,1738133099999,1352557.98767000,7407,19775804.00000000,695860.39161000,0
ACHUSDT,1738133100000,0.03511000,0.03748000,0.03500000,0.03714000,59492983.00000000,1738133999999,2182486.91217000,12418,31347770.00000000,1148461.18927000,0
ACHUSDT,1738134000000,0.03712000,0.03798000,0.03675000,0.03679000,73287461.00000000,1738134899999,2730971.29849000,15684,39588293.00000000,1475897.64120000,0
ACHUSDT,1738134900000,0.03679000,0.03686000,0.03613000,0.03628000,25948451.00000000,1738135799999,945979.83944000,5583,12726081.00000000,464086.81159000,0
ACHUSDT,1738135800000,0.03629000,0.03770000,0.03621000,0.03735000,46946446.00000000,1738136699999,1745742.80535000,11240,21945511.00000000,815223.46516000,0
ACHUSDT,1738136700000,0.03732000,0.03755000,0.03552000,0.03599000,38463000.00000000,1738137599999,1396193.50167000,8435,18822779.00000000,683246.12263000,0
ACHUSDT,1738137600000,0.03598000,0.03727000,0.03595000,0.03625000,30989466.00000000,1738138499999,1137451.96369000,7067,16448978.00000000,603721.67538000,0
ACHUSDT,1738138500000,0.03624000,0.03760000,0.03612000,0.03688000,26508034.00000000,1738139399999,975366.98098000,6511,15222717.00000000,560637.03510000,0
ACHUSDT,1738139400000,0.03687000,0.03838000,0.03617000,0.03806000,56244330.00000000,1738140299999,2106778.52737000,17318,25818510.00000000,967678.59342000,0
ACHUSDT,1738140300000,0.03806000,0.03815000,0.03710000,0.03776000,45540266.00000000,1738141199999,1712803.70417000,14669,21294787.00000000,801280.51111000,0
ACHUSDT,1738141200000,0.03775000,0.03826000,0.03713000,0.03763000,40271897.00000000,1738142099999,1517117.78490000,11582,18386569.00000000,692699.31614000,0
ACHUSDT,1738142100000,0.03765000,0.03875000,0.03665000,0.03679000,61965495.00000000,1738142999999,2351953.53695000,16799,26177195.00000000,994714.09969000,0
ACHUSDT,1738143000000,0.03679000,0.03743000,0.03649000,0.03701000,33852915.00000000,1738143899999,1253254.98808000,8120,18204752.00000000,673958.07934000,0
ACHUSDT,1738143900000,0.03702000,0.03704000,0.03633000,0.03662000,22918470.00000000,1738144799999,840741.59256000,4808,11392667.00000000,418219.72851000,0
ACHUSDT,1738144800000,0.03663000,0.03698000,0.03614000,0.03694000,29457887.00000000,1738145699999,1076495.40783000,5455,12927891.00000000,473200.96977000,0
ACHUSDT,1738145700000,0.03697000,0.03778000,0.03667000,0.03766000,31172109.00000000,1738146599999,1162840.29116000,6666,16169322.00000000,603914.42434000,0
ACHUSDT,1738146600000,0.03766000,0.03815000,0.03746000,0.03796000,26274674.00000000,1738147499999,994556.46701000,5354,12952798.00000000,490503.84440000,0
ACHUSDT,1738147500000,0.03796000,0.03850000,0.03761000,0.03811000,33112216.00000000,1738148399999,1262438.10655000,6202,17479560.00000000,666749.94611000,0
ACHUSDT,1738148400000,0.03813000,0.03822000,0.03709000,0.03712000,31339621.00000000,1738149299999,1172626.32143000,8281,12531774.00000000,468771.24509000,0
ACHUSDT,1738149300000,0.03713000,0.03750000,0.03671000,0.03733000,22772674.00000000,1738150199999,845051.98378000,4402,11572919.00000000,429869.51631000,0
ACHUSDT,1738150200000,0.03734000,0.03749000,0.03663000,0.03726000,17846776.00000000,1738151099999,660409.92962000,4127,8774473.00000000,324727.15941000,0
ACHUSDT,1738151100000,0.03726000,0.03803000,0.03702000,0.03788000,25729609.00000000,1738151999999,968106.09864000,5487,14110628.00000000,530607.58925000,0
ACHUSDT,1738152000000,0.03785000,0.03940000,0.03773000,0.03871000,72641374.00000000,1738152899999,2826535.41563000,15514,43461664.00000000,1691037.81222000,0
ACHUSDT,1738152900000,0.03869000,0.03992000,0.03854000,0.03938000,64363158.00000000,1738153799999,2539410.06211000,18174,31323146.00000000,1236439.93050000,0
ACHUSDT,1738153800000,0.03936000,0.04100000,0.03930000,0.04039000,110558855.00000000,1738154699999,4440589.23964000,30160,50313961.00000000,2021725.26736000,0
ACHUSDT,1738154700000,0.04039000,0.04087000,0.03888000,0.03891000,61680706.00000000,1738155599999,2455374.95250000,17436,29555536.00000000,1177684.49264000,0
ACHUSDT,1738155600000,0.03888000,0.03888000,0.03782000,0.03854000,62651346.00000000,1738156499999,2395926.70891000,14433,31965671.00000000,1223653.66019000,0
ACHUSDT,1738156500000,0.03854000,0.03857000,0.03765000,0.03770000,37140339.00000000,1738157399999,1415383.51699000,8753,19311092.00000000,736261.61677000,0
ACHUSDT,1738157400000,0.03770000,0.03831000,0.03722000,0.03802000,59197491.00000000,1738158299999,2235088.83100000,12342,26743949.00000000,1010407.22997000,0
ACHUSDT,1738158300000,0.03804000,0.03832000,0.03687000,0.03702000,36506415.00000000,1738159199999,1366379.54036000,8707,16804625.00000000,628397.18468000,0
ACHUSDT,1738159200000,0.03703000,0.03739000,0.03650000,0.03699000,40404225.00000000,1738160099999,1495299.94928000,8025,22198394.00000000,821459.42329000,0
ACHUSDT,1738160100000,0.03699000,0.03714000,0.03649000,0.03681000,31419186.00000000,1738160999999,1156919.15006000,5982,14288594.00000000,526377.29656000,0
ACHUSDT,1738161000000,0.03681000,0.03728000,0.03620000,0.03714000,45790798.00000000,1738161899999,1686177.24298000,8407,23099104.00000000,851095.89877000,0
ACHUSDT,1738161900000,0.03713000,0.03738000,0.03649000,0.03658000,40585596.00000000,1738162799999,1502527.42701000,7122,20162458.00000000,746269.41157000,0
ACHUSDT,1738162800000,0.03659000,0.03695000,0.03583000,0.03685000,46012530.00000000,1738163699999,1670319.30685000,7820,20224298.00000000,735255.57368000,0
ACHUSDT,1738163700000,0.03685000,0.03769000,0.03659000,0.03689000,34268189.00000000,1738164599999,1275332.43668000,7268,18591256.00000000,691881.78864000,0
ACHUSDT,1738164600000,0.03690000,0.03699000,0.03590000,0.03604000,28179282.00000000,1738165499999,1024151.54859000,5351,13232931.00000000,481160.43152000,0
ACHUSDT,1738165500000,0.03602000,0.03627000,0.03572000,0.03607000,22235490.00000000,1738166399999,800669.07575000,3936,11202258.00000000,403512.57412000,0
ACHUSDT,1738166400000,0.03607000,0.03688000,0.03593000,0.03614000,33056304.00000000,1738167299999,1202647.70801000,7713,16953379.00000000,616725.82055000,0
ACHUSDT,1738167300000,0.03613000,0.03656000,0.03584000,0.03619000,24405486.00000000,1738168199999,883399.43600000,4551,12860455.00000000,465812.56326000,0
ACHUSDT,1738168200000,0.03619000,0.03669000,0.03616000,0.03662000,21121801.00000000,1738169099999,770791.99778000,4106,12179649.00000000,444502.89319000,0
ACHUSDT,1738169100000,0.03663000,0.03737000,0.03648000,0.03698000,40710442.00000000,1738169999999,1505465.28832000,7145,25123054.00000000,929033.26907000,0
ACHUSDT,1738170000000,0.03697000,0.03739000,0.03628000,0.03638000,29190590.00000000,1738170899999,1075615.02240000,5719,14895303.00000000,549266.25617000,0
ACHUSDT,1738170900000,0.03640000,0.03667000,0.03611000,0.03659000,22939856.00000000,1738171799999,833128.21268000,5035,12742241.00000000,462987.61286000,0
ACHUSDT,1738171800000,0.03660000,0.03728000,0.03642000,0.03700000,28534218.00000000,1738172699999,1053561.30669000,5338,16870546.00000000,623134.63473000,0
ACHUSDT,1738172700000,0.03701000,0.03740000,0.03685000,0.03730000,20925871.00000000,1738173599999,778358.77083000,3973,10678031.00000000,397336.25916000,0
ACHUSDT,1738173600000,0.03731000,0.03846000,0.03718000,0.03834000,59574220.00000000,1738174499999,2257807.08518000,11652,30532872.00000000,1157658.72935000,0
ACHUSDT,1738174500000,0.03836000,0.03847000,0.03738000,0.03777000,43136143.00000000,1738175399999,1631955.67355000,8935,22155320.00000000,838309.37217000,0
ACHUSDT,1738175400000,0.03778000,0.03833000,0.03777000,0.03779000,37907352.00000000,1738176299999,1443577.00353000,6097,17959691.00000000,683810.53478000,0
ACHUSDT,1738176300000,0.03780000,0.03821000,0.03713000,0.03731000,30374682.00000000,1738177199999,1146340.98112000,6492,14033647.00000000,529649.58927000,0
ACHUSDT,1738177200000,0.03731000,0.03731000,0.03663000,0.03713000,57787111.00000000,1738178099999,2138480.05878000,9674,30181536.00000000,1117752.41537000,0
ACHUSDT,1738178100000,0.03712000,0.03715000,0.03606000,0.03619000,37906545.00000000,1738178999999,1380928.02434000,7106,18465587.00000000,672906.81499000,0
ACHUSDT,1738179000000,0.03617000,0.03871000,0.03613000,0.03800000,89289739.00000000,1738179899999,3365344.94535000,18696,47676351.00000000,1796629.94107000,0
ACHUSDT,1738179900000,0.03800000,0.03810000,0.03668000,0.03686000,63309229.00000000,1738180799999,2365789.19249000,13575,32062852.00000000,1198731.55540000,0
ACHUSDT,1738180800000,0.03684000,0.03773000,0.03657000,0.03736000,33815094.00000000,1738181699999,1256424.50831000,6436,17724421.00000000,658631.45268000,0
ACHUSDT,1738181700000,0.03735000,0.03856000,0.03711000,0.03849000,42052383.00000000,1738182599999,1593817.95787000,8929,22212477.00000000,842400.64765000,0
ACHUSDT,1738182600000,0.03850000,0.03955000,0.03850000,0.03911000,51987929.00000000,1738183499999,2025008.56607000,11091,28317105.00000000,1103245.78324000,0
ACHUSDT,1738183500000,0.03910000,0.03975000,0.03817000,0.03829000,51476918.00000000,1738184399999,2013038.99968000,10314,27639035.00000000,1081740.79162000,0
ACHUSDT,1738184400000,0.03829000,0.03831000,0.03697000,0.03767000,42131530.00000000,1738185299999,1585060.12818000,8826,22318386.00000000,839316.40259000,0
ACHUSDT,1738185300000,0.03767000,0.03878000,0.03755000,0.03846000,34152330.00000000,1738186199999,1306374.98228000,7418,18684991.00000000,714446.35915000,0
ACHUSDT,1738186200000,0.03845000,0.03908000,0.03801000,0.03821000,30164288.00000000,1738187099999,1162167.71245000,6225,15179899.00000000,585387.35684000,0
ACHUSDT,1738187100000,0.03819000,0.03837000,0.03779000,0.03793000,22516554.00000000,1738187999999,856959.75456000,4505,11894006.00000000,452943.64453000,0
ACHUSDT,1738188000000,0.03795000,0.03824000,0.03740000,0.03816000,26191004.00000000,1738188899999,989691.98359000,4629,13718809.00000000,518593.33344000,0
ACHUSDT,1738188900000,0.03815000,0.03835000,0.03788000,0.03810000,10661653.00000000,1738189799999,405849.51118000,2130,5366022.00000000,204294.49322000,0
ACHUSDT,1738189800000,0.03812000,0.03892000,0.03797000,0.03812000,16248416.00000000,1738190699999,625090.72833000,3480,8338440.00000000,320840.96190000,0
ACHUSDT,1738190700000,0.03813000,0.03849000,0.03798000,0.03828000,8201888.00000000,1738191599999,313912.45313000,2127,4059225.00000000,155436.42884000,0
ACHUSDT,1738191600000,0.03830000,0.03895000,0.03814000,0.03873000,17456469.00000000,1738192499999,673114.64830000,3826,9564681.00000000,368886.54557000,0
ACHUSDT,1738192500000,0.03873000,0.03891000,0.03797000,0.03821000,22485328.00000000,1738193399999,864960.97470000,4604,11190075.00000000,430505.69852000,0
ACHUSDT,1738193400000,0.03821000,0.03836000,0.03690000,0.03704000,22398986.00000000,1738194299999,840288.76861000,4768,8933913.00000000,335333.37912000,0
ACHUSDT,1738194300000,0.03705000,0.03784000,0.03699000,0.03761000,23645086.00000000,1738195199999,885370.52501000,4842,12650851.00000000,473453.04577000,0
ACHUSDT,1738195200000,0.03762000,0.03793000,0.03716000,0.03745000,15750042.00000000,1738196099999,589573.25733000,2981,9575244.00000000,358493.10470000,0
ACHUSDT,1738196100000,0.03746000,0.03773000,0.03675000,0.03706000,18602432.00000000,1738196999999,690624.62172000,3850,8229213.00000000,305442.06992000,0
ACHUSDT,1738197000000,0.03706000,0.03712000,0.03659000,0.03696000,14816412.00000000,1738197899999,546085.66582000,3376,7386994.00000000,272298.38375000,0
ACHUSDT,1738197900000,0.03696000,0.03728000,0.03655000,0.03697000,13147708.00000000,1738198799999,484893.59665000,2882,5653364.00000000,208428.44696000,0
ACHUSDT,1738198800000,0.03698000,0.03715000,0.03654000,0.03700000,14438269.00000000,1738199699999,532614.18742000,3191,6627539.00000000,244404.92697000,0
ACHUSDT,1738199700000,0.03700000,0.03757000,0.03683000,0.03738000,14035045.00000000,1738200599999,522669.22504000,3737,6956952.00000000,259160.79565000,0
ACHUSDT,1738200600000,0.03739000,0.03765000,0.03722000,0.03758000,8909205.00000000,1738201499999,333390.56127000,2563,4914567.00000000,183959.45937000,0
ACHUSDT,1738201500000,0.03759000,0.03802000,0.03715000,0.03735000,17599116.00000000,1738202399999,662452.62255000,3791,9008633.00000000,339012.41339000,0
ACHUSDT,1738202400000,0.03735000,0.03763000,0.03678000,0.03727000,13345433.00000000,1738203299999,494553.67561000,3058,6540645.00000000,242392.28012000,0
ACHUSDT,1738203300000,0.03727000,0.03793000,0.03696000,0.03782000,15139694.00000000,1738204199999,568924.91522000,3405,8559822.00000000,321618.00983000,0
ACHUSDT,1738204200000,0.03784000,0.03812000,0.03763000,0.03777000,14879067.00000000,1738205099999,563539.73105000,3227,6689826.00000000,253574.64999000,0
ACHUSDT,1738205100000,0.03777000,0.03847000,0.03756000,0.03818000,15912992.00000000,1738205999999,604769.93796000,3866,8295458.00000000,315147.93543000,0
ACHUSDT,1738206000000,0.03817000,0.03817000,0.03704000,0.03745000,18621523.00000000,1738206899999,697872.20027000,3722,9933226.00000000,371759.11103000,0
ACHUSDT,1738206900000,0.03744000,0.03810000,0.03732000,0.03783000,11315208.00000000,1738207799999,426826.95729000,2728,5782812.00000000,218128.24291000,0
ACHUSDT,1738207800000,0.03784000,0.03849000,0.03775000,0.03798000,13272877.00000000,1738208699999,506834.24638000,3150,7035696.00000000,268747.97664000,0
ACHUSDT,1738208700000,0.03797000,0.03827000,0.03783000,0.03826000,11019372.00000000,1738209599999,418823.13604000,2803,6055855.00000000,230213.94620000,0
ACHUSDT,1738209600000,0.03827000,0.03841000,0.03756000,0.03776000,13726057.00000000,1738210499999,520927.85273000,3063,7556301.00000000,286765.07994000,0
ACHUSDT,1738210500000,0.03776000,0.03818000,0.03752000,0.03780000,12619755.00000000,1738211399999,476875.74347000,3200,5969070.00000000,225634.89809000,0
ACHUSDT,1738211400000,0.03780000,0.03808000,0.03772000,0.03806000,6963536.00000000,1738212299999,263766.04267000,1657,3340221.00000000,126549.59703000,0
ACHUSDT,1738212300000,0.03805000,0.03865000,0.03804000,0.03841000,21535149.00000000,1738213199999,826529.36035000,4268,10596781.00000000,406676.70588000,0
ACHUSDT,1738213200000,0.03843000,0.03862000,0.03795000,0.03814000,19254102.00000000,1738214099999,736351.85672000,3361,11500417.00000000,439796.78355000,0
ACHUSDT,1738214100000,0.03815000,0.03880000,0.03794000,0.03833000,17514537.00000000,1738214999999,672030.09017000,3368,9542245.00000000,366485.18299000,0
ACHUSDT,1738215000000,0.03833000,0.03893000,0.03831000,0.03859000,19149554.00000000,1738215899999,740353.26320000,3968,10805194.00000000,417857.92435000,0
ACHUSDT,1738215900000,0.03860000,0.03958000,0.03844000,0.03923000,31770797.00000000,1738216799999,1245836.37703000,6559,18157632.00000000,712309.40509000,0
ACHUSDT,1738216800000,0.03924000,0.04000000,0.03760000,0.03789000,64091055.00000000,1738217699999,2501906.63738000,12079,38605046.00000000,1512680.23912000,0
ACHUSDT,1738217700000,0.03789000,0.03834000,0.03766000,0.03781000,23230979.00000000,1738218599999,882655.98253000,5258,13335732.00000000,507007.63290000,0
ACHUSDT,1738218600000,0.03782000,0.03847000,0.03774000,0.03816000,16046019.00000000,1738219499999,611795.98765000,3371,7198662.00000000,274730.66003000,0
ACHUSDT,1738219500000,0.03816000,0.03833000,0.03765000,0.03783000,11078707.00000000,1738220399999,419880.35980000,2365,5351825.00000000,202859.25237000,0
ACHUSDT,1738220400000,0.03785000,0.03797000,0.03713000,0.03765000,18822014.00000000,1738221299999,705542.24557000,4148,9813446.00000000,367997.12548000,0
ACHUSDT,1738221300000,0.03764000,0.03779000,0.03686000,0.03718000,15023703.00000000,1738222199999,559025.26636000,3148,5468943.00000000,203590.78031000,0
ACHUSDT,1738222200000,0.03719000,0.03749000,0.03691000,0.03724000,13101366.00000000,1738223099999,487511.70344000,3360,6054258.00000000,225343.99722000,0
ACHUSDT,1738223100000,0.03725000,0.03731000,0.03680000,0.03720000,13204576.00000000,1738223999999,489308.64215000,3051,6610521.00000000,245130.31003000,0
ACHUSDT,1738224000000,0.03721000,0.03756000,0.03628000,0.03661000,24547946.00000000,1738224899999,904063.37050000,4622,9500028.00000000,350278.03831000,0
ACHUSDT,1738224900000,0.03661000,0.03689000,0.03638000,0.03684000,12146470.00000000,1738225799999,445466.39692000,2662,5550005.00000000,203651.89424000,0
ACHUSDT,1738225800000,0.03685000,0.03745000,0.03683000,0.03729000,12425684.00000000,1738226699999,461750.43758000,3101,7645963.00000000,284280.34837000,0
ACHUSDT,1738226700000,0.03728000,0.03797000,0.03727000,0.03797000,16647624.00000000,1738227599999,627336.34631000,4198,11858627.00000000,446958.24922000,0
ACHUSDT,1738227600000,0.03795000,0.03867000,0.03795000,0.03856000,35821036.00000000,1738228499999,1375204.78408000,6469,19180092.00000000,736215.46850000,0
ACHUSDT,1738228500000,0.03855000,0.03872000,0.03824000,0.03831000,20725637.00000000,1738229399999,798082.31943000,3903,10534197.00000000,405774.28435000,0
ACHUSDT,1738229400000,0.03830000,0.03884000,0.03817000,0.03844000,17442297.00000000,1738230299999,671787.73862000,4098,9049864.00000000,348890.25421000,0
ACHUSDT,1738230300000,0.03844000,0.03866000,0.03819000,0.03863000,10359504.00000000,1738231199999,398646.28447000,3079,5672143.00000000,218355.43702000,0
ACHUSDT,1738231200000,0.03862000,0.03899000,0.03834000,0.03883000,15787037.00000000,1738232099999,611196.25915000,4175,8826968.00000000,341793.55677000,0
ACHUSDT,1738232100000,0.03884000,0.03954000,0.03884000,0.03945000,36470531.00000000,1738232999999,1432421.83129000,6296,20400102.00000000,800644.65833000,0
ACHUSDT,1738233000000,0.03944000,0.04070000,0.03935000,0.04020000,49039489.00000000,1738233899999,1962722.81360000,9737,30351866.00000000,1214588.81289000,0
ACHUSDT,1738233900000,0.04020000,0.04052000,0.03964000,0.03979000,32439896.00000000,1738234799999,1299761.17182000,6260,15383401.00000000,616663.57215000,0
ACHUSDT,1738234800000,0.03978000,0.04002000,0.03935000,0.03973000,15173544.00000000,1738235699999,602990.13158000,3505,8638922.00000000,343673.54755000,0
ACHUSDT,1738235700000,0.03970000,0.03970000,0.03910000,0.03932000,17250466.00000000,1738236599999,678064.91685000,4362,8433827.00000000,331547.95213000,0
ACHUSDT,1738236600000,0.03932000,0.04150000,0.03924000,0.04026000,54495284.00000000,1738237499999,2207915.53798000,10916,28271743.00000000,1145087.12921000,0
ACHUSDT,1738237500000,0.04024000,0.04032000,0.03956000,0.03975000,18955324.00000000,1738238399999,756199.83407000,3659,9456256.00000000,377615.18114000,0
ACHUSDT,1738238400000,0.03975000,0.03991000,0.03894000,0.03924000,15943682.00000000,1738239299999,626794.39927000,3380,6870680.00000000,270306.01179000,0
ACHUSDT,1738239300000,0.03923000,0.03942000,0.03895000,0.03912000,15540931.00000000,1738240199999,607733.71975000,3488,6523374.00000000,255166.63146000,0
ACHUSDT,1738240200000,0.03911000,0.03964000,0.03887000,0.03933000,13668750.00000000,1738241099999,536251.20578000,4256,7685983.00000000,301715.81660000,0
ACHUSDT,1738241100000,0.03933000,0.03945000,0.03865000,0.03907000,16857841.00000000,1738241999999,655694.08757000,4244,7055169.00000000,274779.99620000,0
ACHUSDT,1738242000000,0.03907000,0.03939000,0.03891000,0.03902000,9714650.00000000,1738242899999,380243.25912000,2585,6101082.00000000,238862.43967000,0
ACHUSDT,1738242900000,0.03902000,0.03950000,0.03872000,0.03890000,15266728.00000000,1738243799999,597138.04714000,4883,8284943.00000000,324186.62980000,0
ACHUSDT,1738243800000,0.03889000,0.04064000,0.03868000,0.04007000,24347576.00000000,1738244699999,965581.97011000,6327,15509829.00000000,615649.08364000,0
ACHUSDT,1738244700000,0.04007000,0.04036000,0.03957000,0.03964000,17778128.00000000,1738245599999,709553.52916000,4088,8979395.00000000,358337.90318000,0
ACHUSDT,1738245600000,0.03965000,0.04075000,0.03951000,0.04070000,20954743.00000000,1738246499999,845011.63923000,4778,12784185.00000000,515485.75296000,0
ACHUSDT,1738246500000,0.04069000,0.04116000,0.04040000,0.04086000,32408280.00000000,1738247399999,1323680.46902000,6132,18593630.00000000,759997.32674000,0
ACHUSDT,1738247400000,0.04087000,0.04242000,0.04082000,0.04177000,54175378.00000000,1738248299999,2266421.40935000,11351,33460106.00000000,1399907.77344000,0
ACHUSDT,1738248300000,0.04175000,0.04294000,0.04118000,0.04263000,39776912.00000000,1738249199999,1673371.80948000,8228,22930470.00000000,966264.75507000,0
ACHUSDT,1738249200000,0.04263000,0.04388000,0.04167000,0.04363000,54791068.00000000,1738250099999,2344968.24418000,13477,29699535.00000000,1270636.55173000,0
ACHUSDT,1738250100000,0.04362000,0.04400000,0.04269000,0.04350000,66882958.00000000,1738250999999,2891043.16219000,15045,32643894.00000000,1410703.20272000,0
ACHUSDT,1738251000000,0.04350000,0.04750000,0.04348000,0.04657000,131675341.00000000,1738251899999,6015694.14485000,33732,74559869.00000000,3406852.06077000,0
ACHUSDT,1738251900000,0.04657000,0.04790000,0.04531000,0.04598000,111105982.00000000,1738252799999,5170525.81193000,31638,56435050.00000000,2628628.54330000,0
ACHUSDT,1738252800000,0.04600000,0.04770000,0.04496000,0.04664000,88155133.00000000,1738253699999,4082309.21306000,24479,45261980.00000000,2095662.46594000,0
ACHUSDT,1738253700000,0.04668000,0.04828000,0.04605000,0.04628000,67955329.00000000,1738254599999,3204885.31658000,19679,36056710.00000000,1701761.88555000,0
ACHUSDT,1738254600000,0.04626000,0.04656000,0.04580000,0.04617000,31996136.00000000,1738255499999,1476089.48347000,11938,17534189.00000000,809250.49653000,0
ACHUSDT,1738255500000,0.04616000,0.04679000,0.04520000,0.04555000,46382552.00000000,1738256399999,2116992.57040000,11636,26255014.00000000,1197539.42610000,0
ACHUSDT,1738256400000,0.04556000,0.04632000,0.04510000,0.04628000,28631609.00000000,1738257299999,1309666.56785000,7925,15060230.00000000,689002.34366000,0
ACHUSDT,1738257300000,0.04628000,0.04747000,0.04620000,0.04703000,40951541.00000000,1738258199999,1922728.45938000,10559,23034759.00000000,1081498.49067000,0
ACHUSDT,1738258200000,0.04702000,0.04944000,0.04702000,0.04884000,81201867.00000000,1738259099999,3923164.69724000,20779,45178599.00000000,2185816.39218000,0
ACHUSDT,1738259100000,0.04881000,0.04882000,0.04738000,0.04768000,46341895.00000000,1738259999999,2223804.78747000,13652,21625381.00000000,1038027.98779000,0
ACHUSDT,1738260000000,0.04766000,0.04869000,0.04739000,0.04774000,43525939.00000000,1738260899999,2091110.87987000,10201,23340757.00000000,1122075.49372000,0
ACHUSDT,1738260900000,0.04775000,0.04775000,0.04649000,0.04723000,31028067.00000000,1738261799999,1456811.99752000,7352,14028061.00000000,659054.12797000,0
ACHUSDT,1738261800000,0.04723000,0.04884000,0.04723000,0.04867000,39306663.00000000,1738262699999,1895360.66171000,9745,22198885.00000000,1069462.47052000,0
ACHUSDT,1738262700000,0.04865000,0.04900000,0.04753000,0.04863000,33421481.00000000,1738263599999,1612655.13003000,8511,16875137.00000000,815127.79617000,0
ACHUSDT,1738263600000,0.04861000,0.04905000,0.04741000,0.04750000,31647467.00000000,1738264499999,1530390.80242000,8789,16533871.00000000,801007.96369000,0
ACHUSDT,1738264500000,0.04750000,0.04763000,0.04606000,0.04665000,49580094.00000000,1738265399999,2309163.76825000,11360,21375980.00000000,996279.01375000,0
ACHUSDT,1738265400000,0.04664000,0.04784000,0.04661000,0.04752000,26600111.00000000,1738266299999,1259111.09050000,7121,13666737.00000000,647159.35486000,0
ACHUSDT,1738266300000,0.04752000,0.04786000,0.04670000,0.04752000,27393260.00000000,1738267199999,1294853.95716000,6672,12309458.00000000,582613.22059000,0
ACHUSDT,1738267200000,0.04753000,0.04833000,0.04738000,0.04766000,25657212.00000000,1738268099999,1227302.55619000,7029,12219943.00000000,584803.93164000,0
ACHUSDT,1738268100000,0.04762000,0.04767000,0.04684000,0.04708000,22503412.00000000,1738268999999,1060759.39808000,6385,12108336.00000000,570531.48385000,0
ACHUSDT,1738269000000,0.04708000,0.04776000,0.04667000,0.04694000,25640813.00000000,1738269899999,1211595.88736000,6805,11486617.00000000,542870.91023000,0
ACHUSDT,1738269900000,0.04692000,0.04711000,0.04564000,0.04580000,24899748.00000000,1738270799999,1151942.27397000,6287,12238687.00000000,566467.71903000,0
ACHUSDT,1738270800000,0.04580000,0.04650000,0.04559000,0.04609000,23184203.00000000,1738271699999,1068735.76043000,5113,13517960.00000000,623193.01188000,0
ACHUSDT,1738271700000,0.04609000,0.04719000,0.04604000,0.04700000,16720712.00000000,1738272599999,779400.24768000,4178,9885434.00000000,460435.67589000,0
ACHUSDT,1738272600000,0.04700000,0.04780000,0.04686000,0.04760000,23208023.00000000,1738273499999,1100971.85931000,5937,12658234.00000000,600586.60598000,0
ACHUSDT,1738273500000,0.04760000,0.04766000,0.04658000,0.04695000,22214560.00000000,1738274399999,1044951.77012000,4970,9782390.00000000,460174.70004000,0
ACHUSDT,1738274400000,0.04694000,0.04700000,0.04530000,0.04538000,23020986.00000000,1738275299999,1061543.91410000,5281,10230007.00000000,472721.13032000,0
ACHUSDT,1738275300000,0.04535000,0.04585000,0.04505000,0.04576000,22664933.00000000,1738276199999,1031682.49069000,4697,11197963.00000000,510158.48598000,0
ACHUSDT,1738276200000,0.04574000,0.04644000,0.04505000,0.04634000,22556116.00000000,1738277099999,1034432.80337000,4643,11888205.00000000,545203.09903000,0
ACHUSDT,1738277100000,0.04633000,0.04653000,0.04553000,0.04563000,13121546.00000000,1738277999999,602858.25721000,3399,6000212.00000000,275800.85347000,0
ACHUSDT,1738278000000,0.04560000,0.04602000,0.04457000,0.04509000,27082487.00000000,1738278899999,1225688.89746000,7064,12320743.00000000,557440.14747000,0
ACHUSDT,1738278900000,0.04508000,0.04651000,0.04497000,0.04614000,18251834.00000000,1738279799999,837204.70334000,6051,10981942.00000000,504348.99768000,0
ACHUSDT,1738279800000,0.04615000,0.04721000,0.04615000,0.04673000,31074101.00000000,1738280699999,1450667.12243000,6900,20138297.00000000,939950.99315000,0
ACHUSDT,1738280700000,0.04674000,0.04691000,0.04544000,0.04548000,13082445.00000000,1738281599999,603213.02951000,3852,5778960.00000000,266418.31582000,0
ACHUSDT,1738281600000,0.04549000,0.04580000,0.04472000,0.04484000,31587159.00000000,1738282499999,1426400.62560000,8540,14984751.00000000,676729.50748000,0
ACHUSDT,1738282500000,0.04484000,0.04504000,0.04435000,0.04469000,24788081.00000000,1738283399999,1109146.27285000,7814,12751352.00000000,570437.55576000,0
ACHUSDT,1738283400000,0.04468000,0.04531000,0.04444000,0.04489000,20026048.00000000,1738284299999,898190.50628000,7959,12527314.00000000,561898.15048000,0
ACHUSDT,1738284300000,0.04489000,0.04533000,0.04405000,0.04464000,19200601.00000000,1738285199999,857669.23634000,5907,9563396.00000000,427612.39341000,0
ACHUSDT,1738285200000,0.04463000,0.04481000,0.04412000,0.04437000,14768464.00000000,1738286099999,656729.17410000,4639,8132467.00000000,361690.35573000,0
ACHUSDT,1738286100000,0.04436000,0.04502000,0.04432000,0.04475000,16547086.00000000,1738286999999,739115.71695000,3876,10068119.00000000,449829.35345000,0
ACHUSDT,1738287000000,0.04476000,0.04609000,0.04475000,0.04604000,16673879.00000000,1738287899999,758149.14323000,4404,9346477.00000000,424790.66233000,0
ACHUSDT,1738287900000,0.04604000,0.04639000,0.04510000,0.04545000,24355732.00000000,1738288799999,1109848.82834000,5827,11645970.00000000,531061.25344000,0
ACHUSDT,1738288800000,0.04548000,0.04575000,0.04452000,0.04487000,12367128.00000000,1738289699999,556971.27957000,3984,6287792.00000000,283397.38880000,0
ACHUSDT,1738289700000,0.04489000,0.04547000,0.04473000,0.04480000,13335734.00000000,1738290599999,600982.28047000,3913,7024149.00000000,316508.06117000,0
ACHUSDT,1738290600000,0.04479000,0.04544000,0.04468000,0.04544000,8075258.00000000,1738291499999,364298.17740000,2622,4733968.00000000,213515.05287000,0
ACHUSDT,1738291500000,0.04544000,0.04666000,0.04532000,0.04558000,41789091.00000000,1738292399999,1915279.96556000,11195,27883032.00000000,1277855.26504000,0
ACHUSDT,1738292400000,0.04557000,0.04750000,0.04548000,0.04678000,47446781.00000000,1738293299999,2212891.00092000,12657,28940865.00000000,1350167.95135000,0
ACHUSDT,1738293300000,0.04678000,0.04744000,0.04604000,0.04678000,31246023.00000000,1738294199999,1460510.97944000,8670,15916515.00000000,744194.48284000,0
ACHUSDT,1738294200000,0.04678000,0.04729000,0.04655000,0.04701000,23128905.00000000,1738295099999,1085110.22780000,6111,12452007.00000000,584296.65127000,0
ACHUSDT,1738295100000,0.04703000,0.04714000,0.04597000,0.04622000,17551546.00000000,1738295999999,814413.93080000,4633,7077367.00000000,328772.00928000,0
ACHUSDT,1738296000000,0.04621000,0.04739000,0.04549000,0.04708000,40240550.00000000,1738296899999,1870148.15476000,8658,20811110.00000000,967722.57466000,0
ACHUSDT,1738296900000,0.04709000,0.04950000,0.04679000,0.04846000,70594020.00000000,1738297799999,3401526.83172000,20701,42441864.00000000,2049097.70683000,0
ACHUSDT,1738297800000,0.04844000,0.04888000,0.04770000,0.04806000,29346800.00000000,1738298699999,1416750.81710000,9413,13747338.00000000,663278.89008000,0
ACHUSDT,1738298700000,0.04805000,0.04887000,0.04781000,0.04799000,25519225.00000000,1738299599999,1231398.67277000,7773,13086284.00000000,631628.73029000,0
ACHUSDT,1738299600000,0.04798000,0.04837000,0.04740000,0.04760000,22773710.00000000,1738300499999,1090935.48493000,6702,11925887.00000000,571508.71712000,0
ACHUSDT,1738300500000,0.04761000,0.04814000,0.04738000,0.04803000,13902985.00000000,1738301399999,664319.26881000,3634,7675609.00000000,366643.21757000,0
ACHUSDT,1738301400000,0.04803000,0.04804000,0.04692000,0.04708000,12065267.00000000,1738302299999,571269.12810000,3168,4332284.00000000,205372.75567000,0
ACHUSDT,1738302300000,0.04707000,0.04758000,0.04667000,0.04748000,13685547.00000000,1738303199999,644894.33240000,3458,7379523.00000000,347939.26268000,0
ACHUSDT,1738303200000,0.04747000,0.04747000,0.04510000,0.04568000,32801186.00000000,1738304099999,1500502.83122000,8359,14017095.00000000,640257.18501000,0
ACHUSDT,1738304100000,0.04568000,0.04678000,0.04514000,0.04552000,33212346.00000000,1738304999999,1525619.77894000,8054,19335806.00000000,889146.19011000,0
ACHUSDT,1738305000000,0.04550000,0.04744000,0.04536000,0.04603000,42690340.00000000,1738305899999,1981492.56803000,12020,24512315.00000000,1138649.09550000,0
ACHUSDT,1738305900000,0.04601000,0.04606000,0.04552000,0.04558000,11373922.00000000,1738306799999,520894.77423000,2774,5010443.00000000,229456.25802000,0
ACHUSDT,1738306800000,0.04556000,0.04636000,0.04526000,0.04573000,17214412.00000000,1738307699999,788862.08281000,4286,8789038.00000000,403258.54811000,0
ACHUSDT,1738307700000,0.04571000,0.04617000,0.04554000,0.04579000,9003645.00000000,1738308599999,412921.62538000,2353,3997301.00000000,183377.02160000,0
ACHUSDT,1738308600000,0.04581000,0.04700000,0.04568000,0.04692000,25359361.00000000,1738309499999,1179029.24222000,6268,13254037.00000000,615704.09274000,0
ACHUSDT,1738309500000,0.04691000,0.04760000,0.04683000,0.04722000,28387571.00000000,1738310399999,1338486.30847000,9197,14619389.00000000,689695.39548000,0
ACHUSDT,1738310400000,0.04721000,0.04849000,0.04696000,0.04817000,31073599.00000000,1738311299999,1489663.97966000,10155,18007297.00000000,863536.98543000,0
ACHUSDT,1738311300000,0.04817000,0.04868000,0.04762000,0.04778000,39101382.00000000,1738312199999,1884932.34969000,11059,19068123.00000000,919580.69404000,0
ACHUSDT,1738312200000,0.04777000,0.04850000,0.04773000,0.04791000,22716550.00000000,1738313099999,1093612.28989000,6323,12009043.00000000,578081.48760000,0
ACHUSDT,1738313100000,0.04790000,0.04845000,0.04682000,0.04704000,35530904.00000000,1738313999999,1688752.43338000,8570,13933618.00000000,662672.30579000,0
ACHUSDT,1738314000000,0.04705000,0.04757000,0.04690000,0.04713000,13048036.00000000,1738314899999,616118.37647000,3684,7453331.00000000,352094.48459000,0
ACHUSDT,1738314900000,0.04715000,0.04780000,0.04696000,0.04727000,15698670.00000000,1738315799999,745097.99510000,3653,8275952.00000000,392828.98412000,0
ACHUSDT,1738315800000,0.04727000,0.04729000,0.04603000,0.04644000,23592710.00000000,1738316699999,1098919.44029000,5394,9062706.00000000,421622.10768000,0
ACHUSDT,1738316700000,0.04646000,0.04646000,0.04600000,0.04620000,14720511.00000000,1738317599999,680156.23139000,3801,6568835.00000000,303640.03611000,0
ACHUSDT,1738317600000,0.04621000,0.04640000,0.04575000,0.04599000,19510379.00000000,1738318499999,898939.19406000,4455,9936304.00000000,457807.75945000,0
ACHUSDT,1738318500000,0.04598000,0.04612000,0.04550000,0.04591000,14221869.00000000,1738319399999,650874.76333000,3703,5309109.00000000,243097.13303000,0
ACHUSDT,1738319400000,0.04592000,0.04627000,0.04549000,0.04569000,11823114.00000000,1738320299999,541924.65848000,2581,4790312.00000000,219899.15745000,0
ACHUSDT,1738320300000,0.04569000,0.04591000,0.04541000,0.04580000,7644253.00000000,1738321199999,348843.92219000,1907,3827422.00000000,174848.09611000,0
ACHUSDT,1738321200000,0.04581000,0.04609000,0.04531000,0.04539000,13521851.00000000,1738322099999,617397.38504000,3126,6463823.00000000,295495.87889000,0
ACHUSDT,1738322100000,0.04540000,0.04651000,0.04540000,0.04634000,10446335.00000000,1738322999999,480775.16166000,2945,5725825.00000000,263449.79461000,0
ACHUSDT,1738323000000,0.04636000,0.04686000,0.04563000,0.04596000,18474216.00000000,1738323899999,855984.86066000,4792,9093352.00000000,421706.08620000,0
ACHUSDT,1738323900000,0.04595000,0.04617000,0.04543000,0.04594000,14753322.00000000,1738324799999,675202.28203000,3627,6367569.00000000,291837.01548000,0
ACHUSDT,1738324800000,0.04592000,0.04748000,0.04592000,0.04740000,40589243.00000000,1738325699999,1905097.81831000,8586,23071844.00000000,1082413.79912000,0
ACHUSDT,1738325700000,0.04741000,0.04753000,0.04625000,0.04640000,16998525.00000000,1738326599999,796341.41443000,3783,7118510.00000000,333839.66761000,0
ACHUSDT,1738326600000,0.04641000,0.04691000,0.04441000,0.04492000,34608664.00000000,1738327499999,1572884.06605000,9149,14927998.00000000,678948.32249000,0
ACHUSDT,1738327500000,0.04491000,0.04551000,0.04490000,0.04519000,15488935.00000000,1738328399999,700249.05200000,3739,9367410.00000000,423476.45349000,0
ACHUSDT,1738328400000,0.04517000,0.04583000,0.04506000,0.04524000,16513307.00000000,1738329299999,750170.45983000,4588,9672578.00000000,439457.81846000,0
ACHUSDT,1738329300000,0.04524000,0.04636000,0.04519000,0.04636000,18489997.00000000,1738330199999,846834.63872000,5014,11009952.00000000,504479.76301000,0
ACHUSDT,1738330200000,0.04634000,0.04720000,0.04606000,0.04683000,30010028.00000000,1738331099999,1397609.48610000,7088,18039157.00000000,840599.36458000,0
ACHUSDT,1738331100000,0.04682000,0.04692000,0.04610000,0.04619000,12102149.00000000,1738331999999,562078.05341000,3095,4052650.00000000,188144.53706000,0
ACHUSDT,1738332000000,0.04617000,0.04622000,0.04503000,0.04513000,18354214.00000000,1738332899999,835180.42824000,4184,7845831.00000000,356781.21632000,0
ACHUSDT,1738332900000,0.04513000,0.04620000,0.04500000,0.04564000,12603744.00000000,1738333799999,575573.25134000,3595,7409084.00000000,338534.93205000,0
ACHUSDT,1738333800000,0.04566000,0.04624000,0.04539000,0.04610000,12961395.00000000,1738334699999,593786.84924000,4106,6374080.00000000,292011.92081000,0
ACHUSDT,1738334700000,0.04611000,0.04639000,0.04500000,0.04548000,30874972.00000000,1738335599999,1406554.41482000,7030,12643845.00000000,575451.99539000,0
ACHUSDT,1738335600000,0.04554000,0.04594000,0.04430000,0.04445000,19746288.00000000,1738336499999,887830.62927000,5682,8581884.00000000,386262.95625000,0
ACHUSDT,1738336500000,0.04443000,0.04538000,0.04437000,0.04512000,18902313.00000000,1738337399999,848857.94087000,5398,8448286.00000000,379366.68670000,0
ACHUSDT,1738337400000,0.04513000,0.04534000,0.04463000,0.04500000,21747099.00000000,1738338299999,979408.84284000,6855,11598009.00000000,522434.77703000,0
ACHUSDT,1738338300000,0.04500000,0.04546000,0.04479000,0.04486000,12350348.00000000,1738339199999,556439.34351000,3794,6246803.00000000,281528.43429000,0
ACHUSDT,1738339200000,0.04485000,0.04532000,0.04407000,0.04445000,23667484.00000000,1738340099999,1055670.11375000,5428,9662169.00000000,430996.19769000,0
ACHUSDT,1738340100000,0.04444000,0.04553000,0.04433000,0.04530000,22729755.00000000,1738340999999,1020587.91734000,5434,10398805.00000000,467597.46389000,0
ACHUSDT,1738341000000,0.04532000,0.04597000,0.04522000,0.04576000,23695703.00000000,1738341899999,1081451.42755000,5153,11596323.00000000,529626.32289000,0
ACHUSDT,1738341900000,0.04576000,0.04627000,0.04545000,0.04562000,21064209.00000000,1738342799999,965721.74713000,4443,10210681.00000000,468391.29046000,0
ACHUSDT,1738342800000,0.04562000,0.04579000,0.04516000,0.04570000,9586660.00000000,1738343699999,436097.05245000,2665,5962313.00000000,271404.26117000,0
ACHUSDT,1738343700000,0.04571000,0.04591000,0.04501000,0.04509000,9824018.00000000,1738344599999,444960.25998000,2263,4565606.00000000,206789.04995000,0
ACHUSDT,1738344600000,0.04508000,0.04540000,0.04487000,0.04505000,10461860.00000000,1738345499999,471974.33452000,2386,4814599.00000000,217338.95292000,0
ACHUSDT,1738345500000,0.04504000,0.04542000,0.04493000,0.04517000,8487799.00000000,1738346399999,383288.74661000,2203,4670317.00000000,210984.83662000,0
ACHUSDT,1738346400000,0.04516000,0.04680000,0.04515000,0.04623000,31997141.00000000,1738347299999,1480590.57737000,7095,18696760.00000000,865195.90491000,0
ACHUSDT,1738347300000,0.04625000,0.04692000,0.04616000,0.04630000,14188709.00000000,1738348199999,659058.66685000,3262,7887286.00000000,366642.60812000,0
ACHUSDT,1738348200000,0.04629000,0.04629000,0.04557000,0.04565000,15432664.00000000,1738349099999,708062.73283000,3633,6248910.00000000,286774.77496000,0
ACHUSDT,1738349100000,0.04565000,0.04579000,0.04518000,0.04527000,16187327.00000000,1738349999999,735523.00750000,3483,8846501.00000000,401936.03357000,0
ACHUSDT,1738350000000,0.04527000,0.04596000,0.04500000,0.04588000,11094215.00000000,1738350899999,503161.57363000,2901,5885455.00000000,267108.46349000,0
ACHUSDT,1738350900000,0.04589000,0.04629000,0.04519000,0.04519000,12242535.00000000,1738351799999,560678.44087000,2821,4839697.00000000,221716.78636000,0
ACHUSDT,1738351800000,0.04519000,0.04523000,0.04456000,0.04480000,18274185.00000000,1738352699999,820532.16112000,4093,8490326.00000000,381409.42835000,0
ACHUSDT,1738352700000,0.04480000,0.04497000,0.04457000,0.04464000,9350012.00000000,1738353599999,418273.46466000,2337,4582111.00000000,205003.04937000,0
ACHUSDT,1738353600000,0.04463000,0.04517000,0.04456000,0.04488000,8771492.00000000,1738354499999,393329.12159000,2105,4744557.00000000,212955.94992000,0
ACHUSDT,1738354500000,0.04487000,0.04610000,0.04485000,0.04604000,12098653.00000000,1738355399999,551202.86779000,3101,7700750.00000000,350650.78344000,0
ACHUSDT,1738355400000,0.04606000,0.04662000,0.04580000,0.04657000,21207752.00000000,1738356299999,980250.51668000,4602,10378614.00000000,479783.60698000,0
ACHUSDT,1738356300000,0.04656000,0.04680000,0.04552000,0.04586000,16554071.00000000,1738357199999,763619.50386000,3414,8158037.00000000,376565.47354000,0
ACHUSDT,1738357200000,0.04585000,0.04620000,0.04560000,0.04574000,8575568.00000000,1738358099999,393430.45219000,1950,4607502.00000000,211518.49231000,0
ACHUSDT,1738358100000,0.04571000,0.04587000,0.04535000,0.04540000,13216239.00000000,1738358999999,602832.40466000,2766,6821848.00000000,311123.00916000,0
ACHUSDT,1738359000000,0.04540000,0.04630000,0.04523000,0.04585000,10397510.00000000,1738359899999,475900.18834000,3641,6607955.00000000,302626.00869000,0
ACHUSDT,1738359900000,0.04585000,0.04627000,0.04547000,0.04558000,8828915.00000000,1738360799999,404115.94067000,2350,4459425.00000000,204272.08982000,0
ACHUSDT,1738360800000,0.04557000,0.04626000,0.04553000,0.04556000,10429516.00000000,1738361699999,479339.68613000,2459,5699055.00000000,262101.08116000,0
ACHUSDT,1738361700000,0.04554000,0.04575000,0.04478000,0.04481000,11201613.00000000,1738362599999,506629.24041000,2499,4593874.00000000,208076.98358000,0
ACHUSDT,1738362600000,0.04480000,0.04564000,0.04480000,0.04550000,8701677.00000000,1738363499999,393935.56301000,4141,4428674.00000000,200440.98365000,0
ACHUSDT,1738363500000,0.04549000,0.04561000,0.04472000,0.04535000,5627768.00000000,1738364399999,254067.40188000,2263,2839940.00000000,128253.74351000,0
ACHUSDT,1738364400000,0.04534000,0.04677000,0.04523000,0.04651000,46384249.00000000,1738365299999,2148519.07986000,8261,23258039.00000000,1075058.59613000,0
ACHUSDT,1738365300000,0.04652000,0.04768000,0.04629000,0.04751000,50247660.00000000,1738366199999,2357940.02263000,9157,22882059.00000000,1074805.77663000,0
ACHUSDT,1738366200000,0.04751000,0.04786000,0.04642000,0.04703000,32596580.00000000,1738367099999,1539623.80630000,7526,13857548.00000000,654622.58065000,0
ACHUSDT,1738367100000,0.04704000,0.04726000,0.04652000,0.04687000,10291190.00000000,1738367999999,482926.92122000,2968,5936172.00000000,278613.69032000,0
ACHUSDT,1738368000000,0.04688000,0.04767000,0.04653000,0.04765000,20181609.00000000,1738368899999,948937.42988000,6277,10199744.00000000,479563.97562000,0
ACHUSDT,1738368900000,0.04764000,0.04800000,0.04711000,0.04723000,22017822.00000000,1738369799999,1045584.74327000,5691,13529226.00000000,642916.55558000,0
ACHUSDT,1738369800000,0.04723000,0.04754000,0.04610000,0.04610000,13022060.00000000,1738370699999,611101.15490000,4946,5254391.00000000,246648.12433000,0
ACHUSDT,1738370700000,0.04609000,0.04738000,0.04590000,0.04702000,14095364.00000000,1738371599999,658152.99351000,4952,7553065.00000000,352662.66676000,0
ACHUSDT,1738371600000,0.04702000,0.04876000,0.04700000,0.04860000,20163757.00000000,1738372499999,967323.56410000,6644,11833777.00000000,567855.14662000,0
ACHUSDT,1738372500000,0.04858000,0.04877000,0.04679000,0.04718000,23638790.00000000,1738373399999,1131036.13445000,7329,11536048.00000000,551006.39226000,0
ACHUSDT,1738373400000,0.04721000,0.04858000,0.04721000,0.04831000,12391105.00000000,1738374299999,594558.99224000,3873,6424970.00000000,308490.06250000,0
ACHUSDT,1738374300000,0.04834000,0.04918000,0.04777000,0.04821000,20016155.00000000,1738375199999,968558.52328000,6014,11277355.00000000,545593.21870000,0
ACHUSDT,1738375200000,0.04819000,0.04824000,0.04720000,0.04752000,21809831.00000000,1738376099999,1038366.15141000,6739,11542600.00000000,549654.23451000,0
ACHUSDT,1738376100000,0.04752000,0.04891000,0.04726000,0.04869000,17122116.00000000,1738376999999,823277.18736000,4865,7439218.00000000,358690.30617000,0
ACHUSDT,1738377000000,0.04868000,0.05000000,0.04842000,0.04942000,38886558.00000000,1738377899999,1922990.86293000,12172,23113220.00000000,1143793.19041000,0
ACHUSDT,1738377900000,0.04943000,0.05555000,0.04922000,0.05450000,99652277.00000000,1738378799999,5228710.94046000,36151,62466191.00000000,3273514.44190000,0
ACHUSDT,1738378800000,0.05449000,0.05847000,0.05286000,0.05538000,102782377.00000000,1738379699999,5760074.76658000,41071,54778833.00000000,3074919.05271000,0
ACHUSDT,1738379700000,0.05541000,0.05660000,0.05478000,0.05598000,53400850.00000000,1738380599999,2974352.84712000,20242,28637878.00000000,1595233.80094000,0
ACHUSDT,1738380600000,0.05597000,0.05608000,0.05415000,0.05518000,57314334.00000000,1738381499999,3160053.72770000,18714,30239901.00000000,1667029.91194000,0
ACHUSDT,1738381500000,0.05517000,0.05585000,0.05392000,0.05413000,38264439.00000000,1738382399999,2104951.05078000,10613,17996984.00000000,989739.92302000,0
ACHUSDT,1738382400000,0.05415000,0.05600000,0.05340000,0.05486000,45161274.00000000,1738383299999,2463006.33261000,12990,20561771.00000000,1122043.77351000,0
ACHUSDT,1738383300000,0.05488000,0.05544000,0.05399000,0.05516000,29402597.00000000,1738384199999,1605587.06839000,8707,13735716.00000000,749730.09244000,0
ACHUSDT,1738384200000,0.05516000,0.05723000,0.05516000,0.05632000,50993266.00000000,1738385099999,2873088.02673000,17889,29186005.00000000,1645129.54757000,0
ACHUSDT,1738385100000,0.05631000,0.05792000,0.05580000,0.05620000,41797617.00000000,1738385999999,2364790.45042000,16563,22711045.00000000,1285417.53075000,0
ACHUSDT,1738386000000,0.05621000,0.05748000,0.05586000,0.05618000,23634281.00000000,1738386899999,1339775.09648000,9426,12203691.00000000,691737.85605000,0
ACHUSDT,1738386900000,0.05614000,0.05671000,0.05481000,0.05529000,35021938.00000000,1738387799999,1949443.84042000,12628,16300092.00000000,906636.35350000,0
ACHUSDT,1738387800000,0.05526000,0.05570000,0.05463000,0.05493000,36189667.00000000,1738388699999,1993377.75598000,12492,19022129.00000000,1048066.53349000,0
ACHUSDT,1738388700000,0.05494000,0.05500000,0.05412000,0.05462000,21930522.00000000,1738389599999,1197059.57178000,7782,11218391.00000000,612408.43385000,0
ACHUSDT,1738389600000,0.05464000,0.05570000,0.05446000,0.05562000,22171401.00000000,1738390499999,1223296.02376000,8856,10665283.00000000,588079.68064000,0
ACHUSDT,1738390500000,0.05563000,0.05700000,0.05551000,0.05639000,33591075.00000000,1738391399999,1889502.53732000,14989,17271917.00000000,972022.47049000,0
ACHUSDT,1738391400000,0.05637000,0.05750000,0.05615000,0.05692000,27564647.00000000,1738392299999,1568320.76266000,11544,15087130.00000000,858600.25645000,0
ACHUSDT,1738392300000,0.05696000,0.05810000,0.05678000,0.05773000,46425294.00000000,1738393199999,2676252.90503000,22090,21997630.00000000,1268461.18439000,0
ACHUSDT,1738393200000,0.05772000,0.05859000,0.05635000,0.05704000,58666437.00000000,1738394099999,3385708.64815000,21662,31249098.00000000,1804754.39115000,0
ACHUSDT,1738394100000,0.05701000,0.05820000,0.05701000,0.05791000,34531121.00000000,1738394999999,1992651.95536000,13441,18656472.00000000,1077031.46364000,0
ACHUSDT,1738395000000,0.05790000,0.05833000,0.05708000,0.05732000,27141286.00000000,1738395899999,1566983.16487000,11407,12012032.00000000,693742.19285000,0
ACHUSDT,1738395900000,0.05732000,0.05744000,0.05611000,0.05622000,30245680.00000000,1738396799999,1716389.88947000,11157,15415735.00000000,874557.67573000,0
ACHUSDT,1738396800000,0.05622000,0.05734000,0.05502000,0.05645000,51455214.00000000,1738397699999,2896731.73351000,14800,22686939.00000000,1276307.45122000,0
ACHUSDT,1738397700000,0.05644000,0.05706000,0.05569000,0.05683000,19828386.00000000,1738398599999,1117007.21570000,7254,10341070.00000000,582812.42326000,0
ACHUSDT,1738398600000,0.05681000,0.05695000,0.05562000,0.05604000,22395440.00000000,1738399499999,1256578.92943000,7194,10768851.00000000,603694.67769000,0
ACHUSDT,1738399500000,0.05602000,0.05611000,0.05451000,0.05461000,29559930.00000000,1738400399999,1631389.76511000,8842,14248314.00000000,785621.88903000,0
ACHUSDT,1738400400000,0.05460000,0.05547000,0.05404000,0.05447000,61818045.00000000,1738401299999,3378104.66049000,14669,26842686.00000000,1469849.02016000,0
ACHUSDT,1738401300000,0.05446000,0.05524000,0.05426000,0.05471000,18096333.00000000,1738402199999,992911.46288000,6465,10185753.00000000,558897.19813000,0
ACHUSDT,1738402200000,0.05471000,0.05539000,0.05461000,0.05476000,16606283.00000000,1738403099999,913493.74712000,5579,9144960.00000000,503130.42849000,0
ACHUSDT,1738403100000,0.05475000,0.05476000,0.05379000,0.05412000,30321583.00000000,1738403999999,1642298.27035000,7632,15318156.00000000,829339.69317000,0
ACHUSDT,1738404000000,0.05411000,0.05427000,0.05277000,0.05292000,27793018.00000000,1738404899999,1484312.00096000,8100,13045883.00000000,696899.20699000,0
ACHUSDT,1738404900000,0.05291000,0.05332000,0.05177000,0.05189000,27260283.00000000,1738405799999,1430966.60809000,8609,12678199.00000000,665939.35653000,0
ACHUSDT,1738405800000,0.05191000,0.05312000,0.05147000,0.05235000,26433950.00000000,1738406699999,1379328.47706000,8177,13773821.00000000,719963.82087000,0
ACHUSDT,1738406700000,0.05233000,0.05284000,0.05201000,0.05220000,16942966.00000000,1738407599999,885918.84217000,5877,7680756.00000000,401886.00514000,0
ACHUSDT,1738407600000,0.05223000,0.05305000,0.05203000,0.05230000,27522797.00000000,1738408499999,1444727.57579000,7030,11036425.00000000,580107.90261000,0
ACHUSDT,1738408500000,0.05230000,0.05259000,0.05128000,0.05206000,20737045.00000000,1738409399999,1075550.96979000,6683,10089469.00000000,523642.34907000,0
ACHUSDT,1738409400000,0.05207000,0.05238000,0.05070000,0.05084000,29221280.00000000,1738410299999,1499854.92309000,7610,13474169.00000000,692322.96302000,0
ACHUSDT,1738410300000,0.05083000,0.05141000,0.05073000,0.05098000,13167660.00000000,1738411199999,672438.94016000,4266,6518787.00000000,332752.58563000,0
ACHUSDT,1738411200000,0.05099000,0.05106000,0.04930000,0.05074000,32437291.00000000,1738412099999,1627584.94124000,9141,15051183.00000000,755918.83263000,0
ACHUSDT,1738412100000,0.05075000,0.05077000,0.04971000,0.05045000,16105840.00000000,1738412999999,808469.20748000,5680,9558726.00000000,479907.23225000,0
ACHUSDT,1738413000000,0.05044000,0.05062000,0.04964000,0.04964000,13258842.00000000,1738413899999,664211.87978000,4448,7448623.00000000,373453.90827000,0
ACHUSDT,1738413900000,0.04966000,0.04989000,0.04870000,0.04871000,28282937.00000000,1738414799999,1390834.96036000,7002,11866374.00000000,583679.96630000,0
ACHUSDT,1738414800000,0.04871000,0.04949000,0.04823000,0.04830000,38498980.00000000,1738415699999,1876296.72792000,10444,19306831.00000000,941135.50671000,0
ACHUSDT,1738415700000,0.04830000,0.04854000,0.04692000,0.04820000,79865810.00000000,1738416599999,3814571.86422000,19559,24528145.00000000,1172384.54518000,0
ACHUSDT,1738416600000,0.04819000,0.04820000,0.04730000,0.04735000,15609163.00000000,1738417499999,744300.69805000,5040,8002072.00000000,381627.92410000,0
ACHUSDT,1738417500000,0.04736000,0.04770000,0.04685000,0.04716000,14155176.00000000,1738418399999,669857.23129000,4763,7022759.00000000,332598.86949000,0
ACHUSDT,1738418400000,0.04714000,0.04867000,0.04709000,0.04802000,38809356.00000000,1738419299999,1867000.09885000,10395,22985421.00000000,1105524.34001000,0
ACHUSDT,1738419300000,0.04802000,0.04824000,0.04732000,0.04822000,20157182.00000000,1738420199999,962948.17173000,5555,12349660.00000000,590078.86482000,0
ACHUSDT,1738420200000,0.04820000,0.04848000,0.04651000,0.04673000,34954010.00000000,1738421099999,1663165.81823000,9409,15446016.00000000,736492.77072000,0
ACHUSDT,1738421100000,0.04672000,0.04685000,0.04537000,0.04593000,62433252.00000000,1738421999999,2879051.77721000,17678,24742586.00000000,1141455.99369000,0
ACHUSDT,1738422000000,0.04592000,0.04619000,0.04502000,0.04531000,55647285.00000000,1738422899999,2530305.67743000,17164,24987039.00000000,1136793.46883000,0
ACHUSDT,1738422900000,0.04531000,0.04561000,0.04502000,0.04534000,14667096.00000000,1738423799999,664097.97911000,3824,7714007.00000000,349364.06477000,0
ACHUSDT,1738423800000,0.04536000,0.04586000,0.04529000,0.04585000,10868618.00000000,1738424699999,495442.34729000,2886,6454520.00000000,294325.97296000,0
item_id,open_time,open,high,low,close,volume,close_time,quote_asset_volume,number_of_trades,taker_buy_base_asset_volume,taker_buy_quote_asset_volume,ignore
ACHUSDT,1737974700000,0.02864000,0.02887000,0.02752000,0.02769000,33566263.00000000,1737975599999,944757.99720000,5383,15983992.00000000,451049.84559000,0
ACHUSDT,1737975600000,0.02767000,0.02823000,0.02715000,0.02810000,35013682.00000000,1737976499999,967914.51739000,5923,17288079.00000000,478653.14028000,0
ACHUSDT,1737976500000,0.02812000,0.02898000,0.02799000,0.02896000,36348116.00000000,1737977399999,1040181.56907000,5773,18621304.00000000,533017.86363000,0
ACHUSDT,1737977400000,0.02897000,0.03011000,0.02847000,0.02887000,56405313.00000000,1737978299999,1653181.48151000,9800,28440888.00000000,835240.33869000,0
ACHUSDT,1737978300000,0.02888000,0.02925000,0.02837000,0.02847000,28791993.00000000,1737979199999,827694.95295000,4669,14629852.00000000,420952.95210000,0
ACHUSDT,1737979200000,0.02844000,0.02892000,0.02807000,0.02867000,32852160.00000000,1737980099999,935021.59639000,6072,17023154.00000000,484784.36974000,0
ACHUSDT,1737980100000,0.02867000,0.02967000,0.02867000,0.02936000,35601346.00000000,1737980999999,1041704.37823000,6797,20027081.00000000,586177.21312000,0
ACHUSDT,1737981000000,0.02932000,0.03009000,0.02922000,0.03007000,56428729.00000000,1737981899999,1682398.99771000,9219,29599864.00000000,882945.45517000,0
ACHUSDT,1737981900000,0.03008000,0.03157000,0.02960000,0.03018000,108239094.00000000,1737982799999,3310026.97452000,17052,59690325.00000000,1826386.59821000,0
ACHUSDT,1737982800000,0.03017000,0.03033000,0.02895000,0.02925000,56890377.00000000,1737983699999,1680326.76713000,9344,24746954.00000000,731806.14856000,0
ACHUSDT,1737983700000,0.02923000,0.03021000,0.02895000,0.02977000,57153056.00000000,1737984599999,1694079.45146000,8012,30868998.00000000,915530.37119000,0
ACHUSDT,1737984600000,0.02977000,0.03074000,0.02937000,0.03061000,48070941.00000000,1737985499999,1449177.44124000,7878,25812146.00000000,779117.09145000,0
ACHUSDT,1737985500000,0.03062000,0.03116000,0.02999000,0.03088000,61094383.00000000,1737986399999,1868814.77735000,9004,31250309.00000000,956184.82110000,0
ACHUSDT,1737986400000,0.03085000,0.03323000,0.03073000,0.03304000,140901779.00000000,1737987299999,4503280.71930000,22375,81564084.00000000,2608321.72026000,0
ACHUSDT,1737987300000,0.03299000,0.03450000,0.03179000,0.03421000,172569686.00000000,1737988199999,5698984.77640000,25055,88902773.00000000,2939845.08596000,0
ACHUSDT,1737988200000,0.03421000,0.03450000,0.03145000,0.03171000,139384158.00000000,1737989099999,4596891.25912000,20345,64874485.00000000,2134659.15683000,0
ACHUSDT,1737989100000,0.03172000,0.03303000,0.03100000,0.03268000,79478962.00000000,1737989999999,2530191.25559000,12021,39026884.00000000,1243343.03878000,0
ACHUSDT,1737990000000,0.03266000,0.03317000,0.03142000,0.03169000,67246851.00000000,1737990899999,2177500.63181000,11644,30976533.00000000,1002554.04252000,0
ACHUSDT,1737990900000,0.03170000,0.03300000,0.03150000,0.03243000,69931599.00000000,1737991799999,2259905.63122000,10606,35020670.00000000,1130742.33185000,0
ACHUSDT,1737991800000,0.03243000,0.03500000,0.03243000,0.03461000,101584555.00000000,1737992699999,3445518.34542000,15934,58415859.00000000,1980969.69590000,0
ACHUSDT,1737992700000,0.03460000,0.03649000,0.03407000,0.03576000,147793203.00000000,1737993599999,5217790.85271000,26678,77792329.00000000,2749490.03880000,0
ACHUSDT,1737993600000,0.03576000,0.04111000,0.03539000,0.04019000,305480053.00000000,1737994499999,11701879.84058000,51744,165246997.00000000,6332473.88276000,0
ACHUSDT,1737994500000,0.04019000,0.04023000,0.03642000,0.03772000,201834563.00000000,1737995399999,7732581.56645000,35256,100206742.00000000,3841361.31967000,0
ACHUSDT,1737995400000,0.03771000,0.04039000,0.03705000,0.03730000,191759049.00000000,1737996299999,7477201.26936000,31641,92911447.00000000,3623491.38228000,0
ACHUSDT,1737996300000,0.03730000,0.03845000,0.03581000,0.03725000,132733249.00000000,1737997199999,4955103.38321000,22968,67035342.00000000,2504706.36825000,0
ACHUSDT,1737997200000,0.03727000,0.03756000,0.03488000,0.03605000,118720218.00000000,1737998099999,4292246.09161000,19864,58900168.00000000,2130006.27100000,0
ACHUSDT,1737998100000,0.03604000,0.03745000,0.03557000,0.03665000,96649378.00000000,1737998999999,3538469.62307000,15698,49996305.00000000,1830056.34472000,0
ACHUSDT,1737999000000,0.03661000,0.03811000,0.03571000,0.03628000,95912281.00000000,1737999899999,3557855.82475000,15182,44469687.00000000,1649874.09832000,0
ACHUSDT,1737999900000,0.03630000,0.03632000,0.03390000,0.03540000,99943159.00000000,1738000799999,3475933.75571000,14231,53084331.00000000,1842582.75488000,0
ACHUSDT,1738000800000,0.03539000,0.03564000,0.03323000,0.03471000,81370632.00000000,1738001699999,2790206.85154000,12866,40340107.00000000,1384856.89026000,0
ACHUSDT,1738001700000,0.03471000,0.03538000,0.03455000,0.03503000,51943992.00000000,1738002599999,1818904.55896000,7176,21899635.00000000,766817.28680000,0
ACHUSDT,1738002600000,0.03504000,0.03750000,0.03482000,0.03729000,100250340.00000000,1738003499999,3655788.64006000,17052,56845192.00000000,2073270.63170000,0
ACHUSDT,1738003500000,0.03728000,0.03890000,0.03588000,0.03882000,121035606.00000000,1738004399999,4520132.17220000,20552,62464565.00000000,2336549.05932000,0
ACHUSDT,1738004400000,0.03885000,0.03954000,0.03708000,0.03894000,139558574.00000000,1738005299999,5375188.30450000,25261,69414098.00000000,2675310.51721000,0
ACHUSDT,1738005300000,0.03894000,0.04000000,0.03867000,0.03958000,101670778.00000000,1738006199999,3994177.50458000,20029,53227952.00000000,2091727.89719000,0
ACHUSDT,1738006200000,0.03958000,0.04240000,0.03938000,0.04223000,188737936.00000000,1738007099999,7771174.01347000,35402,104568855.00000000,4307106.55045000,0
ACHUSDT,1738007100000,0.04222000,0.04668000,0.04072000,0.04206000,360290614.00000000,1738007999999,15639620.61041000,67358,186333473.00000000,8094355.27405000,0
ACHUSDT,1738008000000,0.04206000,0.04500000,0.03980000,0.04363000,205207273.00000000,1738008899999,8680130.96689000,46078,103657901.00000000,4389454.35579000,0
ACHUSDT,1738008900000,0.04359000,0.04362000,0.04172000,0.04239000,124610231.00000000,1738009799999,5317421.23905000,26683,64210030.00000000,2741058.35835000,0
ACHUSDT,1738009800000,0.04239000,0.04444000,0.04054000,0.04133000,144082398.00000000,1738010699999,6109210.98558000,30592,69860913.00000000,2967377.68813000,0
ACHUSDT,1738010700000,0.04134000,0.04208000,0.03840000,0.04042000,158163455.00000000,1738011599999,6293524.07281000,30942,81231747.00000000,3231862.59799000,0
ACHUSDT,1738011600000,0.04041000,0.04140000,0.03842000,0.04086000,124690954.00000000,1738012499999,4989981.35382000,27528,56738932.00000000,2271862.02057000,0
ACHUSDT,1738012500000,0.04087000,0.04108000,0.03914000,0.03940000,77423213.00000000,1738013399999,3090527.40791000,18197,35287763.00000000,1409560.95622000,0
ACHUSDT,1738013400000,0.03942000,0.04100000,0.03877000,0.03891000,74281280.00000000,1738014299999,2956147.93397000,15347,35602607.00000000,1419466.73788000,0
ACHUSDT,1738014300000,0.03891000,0.03950000,0.03734000,0.03817000,63936661.00000000,1738015199999,2456171.05097000,14744,29963678.00000000,1152656.96419000,0
ACHUSDT,1738015200000,0.03816000,0.03870000,0.03722000,0.03799000,60950523.00000000,1738016099999,2313654.73112000,12421,29512048.00000000,1121033.87444000,0
ACHUSDT,1738016100000,0.03798000,0.03937000,0.03779000,0.03873000,59611009.00000000,1738016999999,2294171.95954000,11905,30477231.00000000,1174321.57280000,0
ACHUSDT,1738017000000,0.03872000,0.04045000,0.03865000,0.03906000,62049042.00000000,1738017899999,2453581.49138000,14165,31338034.00000000,1240666.56113000,0
ACHUSDT,1738017900000,0.03906000,0.03910000,0.03746000,0.03839000,38709870.00000000,1738018799999,1476730.09606000,9878,17042350.00000000,650327.87043000,0
ACHUSDT,1738018800000,0.03843000,0.03904000,0.03745000,0.03795000,40165463.00000000,1738019699999,1536169.13708000,9570,21258956.00000000,813364.10505000,0
ACHUSDT,1738019700000,0.03793000,0.03797000,0.03644000,0.03688000,66937743.00000000,1738020599999,2478959.17787000,14133,31644405.00000000,1171751.69802000,0
ACHUSDT,1738020600000,0.03687000,0.03788000,0.03685000,0.03773000,42323361.00000000,1738021499999,1586107.76998000,7214,23438873.00000000,878694.56443000,0
ACHUSDT,1738021500000,0.03774000,0.03863000,0.03756000,0.03857000,64997389.00000000,1738022399999,2485141.60443000,10203,35706556.00000000,1364976.60963000,0
ACHUSDT,1738022400000,0.03859000,0.03865000,0.03639000,0.03678000,109477829.00000000,1738023299999,4063306.73298000,21272,48354727.00000000,1795269.56930000,0
ACHUSDT,1738023300000,0.03677000,0.03763000,0.03654000,0.03657000,55003477.00000000,1738024199999,2036811.72726000,10486,25112253.00000000,930496.85828000,0
ACHUSDT,1738024200000,0.03658000,0.03658000,0.03555000,0.03591000,64881087.00000000,1738025099999,2332956.51212000,11982,28155172.00000000,1012245.45794000,0
ACHUSDT,1738025100000,0.03593000,0.03610000,0.03514000,0.03526000,59814057.00000000,1738025999999,2131499.64488000,10373,23866630.00000000,851689.56491000,0
ACHUSDT,1738026000000,0.03528000,0.03563000,0.03500000,0.03516000,37116068.00000000,1738026899999,1310556.94228000,6239,13625018.00000000,481380.05135000,0
ACHUSDT,1738026900000,0.03515000,0.03517000,0.03444000,0.03479000,43570652.00000000,1738027799999,1513388.29196000,7624,15356284.00000000,533665.12063000,0
ACHUSDT,1738027800000,0.03480000,0.03538000,0.03415000,0.03529000,51508860.00000000,1738028699999,1781599.91428000,9954,22722119.00000000,786637.89812000,0
ACHUSDT,1738028700000,0.03528000,0.03545000,0.03477000,0.03503000,23163901.00000000,1738029599999,813170.83713000,5449,11990106.00000000,420943.21163000,0
ACHUSDT,1738029600000,0.03504000,0.03551000,0.03460000,0.03505000,27856960.00000000,1738030499999,975001.44803000,6794,14655124.00000000,512922.96332000,0
ACHUSDT,1738030500000,0.03506000,0.03599000,0.03503000,0.03579000,27889370.00000000,1738031399999,993421.10330000,4517,13952313.00000000,496502.32831000,0
ACHUSDT,1738031400000,0.03579000,0.03644000,0.03576000,0.03596000,25929541.00000000,1738032299999,933975.45719000,4850,11805695.00000000,425689.89669000,0
ACHUSDT,1738032300000,0.03599000,0.03617000,0.03536000,0.03559000,19152946.00000000,1738033199999,683928.81004000,3271,9319102.00000000,332780.03443000,0
ACHUSDT,1738033200000,0.03559000,0.03577000,0.03485000,0.03510000,23958586.00000000,1738034099999,843045.87099000,5241,13504067.00000000,475292.11742000,0
ACHUSDT,1738034100000,0.03510000,0.03629000,0.03505000,0.03623000,24553207.00000000,1738034999999,878952.91330000,5225,12841131.00000000,459741.86155000,0
ACHUSDT,1738035000000,0.03622000,0.03642000,0.03566000,0.03607000,30294348.00000000,1738035899999,1091564.68694000,5315,14057230.00000000,506438.33653000,0
ACHUSDT,1738035900000,0.03608000,0.03647000,0.03587000,0.03635000,19320107.00000000,1738036799999,700091.76548000,3726,9778678.00000000,354580.19683000,0
ACHUSDT,1738036800000,0.03635000,0.03751000,0.03605000,0.03682000,91315616.00000000,1738037699999,3366456.30239000,15497,51346553.00000000,1892426.61981000,0
ACHUSDT,1738037700000,0.03683000,0.03707000,0.03607000,0.03608000,29905188.00000000,1738038599999,1092267.63472000,5585,16074127.00000000,587763.45915000,0
ACHUSDT,1738038600000,0.03608000,0.03618000,0.03504000,0.03521000,34525757.00000000,1738039499999,1222996.84037000,7478,17214243.00000000,609440.48163000,0
ACHUSDT,1738039500000,0.03521000,0.03545000,0.03436000,0.03463000,45624252.00000000,1738040399999,1583289.32683000,7815,27767596.00000000,962789.49612000,0
ACHUSDT,1738040400000,0.03464000,0.03489000,0.03419000,0.03448000,33293148.00000000,1738041299999,1150981.31591000,5738,19769533.00000000,683832.63846000,0
ACHUSDT,1738041300000,0.03446000,0.03491000,0.03427000,0.03427000,22095127.00000000,1738042199999,764086.13156000,3872,10156809.00000000,351024.30458000,0
ACHUSDT,1738042200000,0.03428000,0.03499000,0.03428000,0.03480000,25441675.00000000,1738043099999,881039.63470000,4133,15140038.00000000,524369.15324000,0
ACHUSDT,1738043100000,0.03481000,0.03504000,0.03433000,0.03439000,18307243.00000000,1738043999999,635736.56642000,3260,7532486.00000000,261589.25767000,0
ACHUSDT,1738044000000,0.03438000,0.03459000,0.03343000,0.03389000,41647697.00000000,1738044899999,1418703.59341000,7394,17244874.00000000,587696.55087000,0
ACHUSDT,1738044900000,0.03389000,0.03400000,0.03355000,0.03386000,29463220.00000000,1738045799999,996454.64728000,4750,15242142.00000000,515713.83359000,0
ACHUSDT,1738045800000,0.03385000,0.03403000,0.03348000,0.03359000,32095480.00000000,1738046699999,1082042.29587000,5007,16847097.00000000,568231.81036000,0
ACHUSDT,1738046700000,0.03358000,0.03414000,0.03353000,0.03375000,19573015.00000000,1738047599999,662205.44495000,4528,11637988.00000000,393895.91764000,0
ACHUSDT,1738047600000,0.03375000,0.03459000,0.03374000,0.03457000,31174669.00000000,1738048499999,1066400.65603000,6033,18507614.00000000,633113.47285000,0
ACHUSDT,1738048500000,0.03458000,0.03460000,0.03366000,0.03382000,22797835.00000000,1738049399999,777060.38627000,4124,11304072.00000000,385381.56643000,0
ACHUSDT,1738049400000,0.03385000,0.03398000,0.03323000,0.03326000,21894508.00000000,1738050299999,733648.76513000,4717,9424506.00000000,315993.05798000,0
ACHUSDT,1738050300000,0.03326000,0.03357000,0.03323000,0.03331000,19680998.00000000,1738051199999,657599.19639000,3059,11165129.00000000,373100.82973000,0
ACHUSDT,1738051200000,0.03331000,0.03337000,0.03266000,0.03298000,37099193.00000000,1738052099999,1222529.56664000,7416,18087868.00000000,596365.60350000,0
ACHUSDT,1738052100000,0.03298000,0.03316000,0.03260000,0.03291000,23460944.00000000,1738052999999,769907.30489000,4384,12368095.00000000,405967.20475000,0
ACHUSDT,1738053000000,0.03292000,0.03318000,0.03270000,0.03300000,26751860.00000000,1738053899999,880739.55806000,3917,14965718.00000000,492612.42837000,0
ACHUSDT,1738053900000,0.03301000,0.03353000,0.03297000,0.03342000,25682621.00000000,1738054799999,854727.77333000,4128,16624153.00000000,553084.87491000,0
ACHUSDT,1738054800000,0.03342000,0.03380000,0.03311000,0.03338000,28156578.00000000,1738055699999,941394.18395000,4924,16867680.00000000,564621.92928000,0
ACHUSDT,1738055700000,0.03336000,0.03338000,0.03297000,0.03300000,12375658.00000000,1738056599999,410330.41468000,2525,6347159.00000000,210609.82352000,0
ACHUSDT,1738056600000,0.03301000,0.03329000,0.03280000,0.03293000,14885870.00000000,1738057499999,492001.42368000,2883,7187194.00000000,237623.92194000,0
ACHUSDT,1738057500000,0.03293000,0.03340000,0.03291000,0.03334000,17974323.00000000,1738058399999,597076.13699000,2935,10228179.00000000,339820.08149000,0
ACHUSDT,1738058400000,0.03335000,0.03367000,0.03280000,0.03361000,28534606.00000000,1738059299999,945549.51943000,5184,16527321.00000000,547828.81867000,0
ACHUSDT,1738059300000,0.03361000,0.03432000,0.03337000,0.03365000,34420425.00000000,1738060199999,1162728.38236000,5858,21686715.00000000,732618.40062000,0
ACHUSDT,1738060200000,0.03368000,0.03394000,0.03336000,0.03346000,30788831.00000000,1738061099999,1034235.09370000,4571,18492646.00000000,621037.83565000,0
ACHUSDT,1738061100000,0.03345000,0.03345000,0.03295000,0.03311000,14539288.00000000,1738061999999,481257.41405000,2860,7272207.00000000,240605.77251000,0
ACHUSDT,1738062000000,0.03312000,0.03330000,0.03276000,0.03282000,16731796.00000000,1738062899999,552167.49325000,2986,7977603.00000000,263472.15375000,0
ACHUSDT,1738062900000,0.03283000,0.03290000,0.03255000,0.03278000,24139205.00000000,1738063799999,789496.94519000,5363,12518081.00000000,409603.06373000,0
ACHUSDT,1738063800000,0.03278000,0.03289000,0.03245000,0.03276000,19155431.00000000,1738064699999,625142.25663000,4240,11365721.00000000,370993.02339000,0
ACHUSDT,1738064700000,0.03277000,0.03287000,0.03214000,0.03219000,23775833.00000000,1738065599999,771096.99040000,4634,8211635.00000000,266766.71364000,0
ACHUSDT,1738065600000,0.03220000,0.03250000,0.03213000,0.03234000,22779510.00000000,1738066499999,735309.89255000,5064,11445118.00000000,369562.28504000,0
ACHUSDT,1738066500000,0.03236000,0.03236000,0.03141000,0.03147000,33854826.00000000,1738067399999,1076739.73317000,5098,12360275.00000000,393547.72562000,0
ACHUSDT,1738067400000,0.03147000,0.03147000,0.03077000,0.03118000,56982901.00000000,1738068299999,1769684.12512000,9849,26151703.00000000,812111.85745000,0
ACHUSDT,1738068300000,0.03117000,0.03123000,0.03079000,0.03094000,20397877.00000000,1738069199999,631863.79241000,4044,11527807.00000000,357233.14412000,0
ACHUSDT,1738069200000,0.03096000,0.03130000,0.03088000,0.03126000,22536047.00000000,1738070099999,701358.19955000,2919,11961230.00000000,372031.42082000,0
ACHUSDT,1738070100000,0.03127000,0.03154000,0.03105000,0.03136000,14874983.00000000,1738070999999,465436.99536000,2254,10242106.00000000,320707.45826000,0
ACHUSDT,1738071000000,0.03137000,0.03168000,0.03125000,0.03152000,11458774.00000000,1738071899999,361104.61091000,2046,7045100.00000000,222100.14585000,0
ACHUSDT,1738071900000,0.03153000,0.03167000,0.03137000,0.03152000,12656259.00000000,1738072799999,398806.70429000,1807,6750507.00000000,212840.38017000,0
ACHUSDT,1738072800000,0.03152000,0.03164000,0.03103000,0.03123000,19994337.00000000,1738073699999,624629.12176000,3869,8854274.00000000,276680.36707000,0
ACHUSDT,1738073700000,0.03124000,0.03134000,0.03097000,0.03121000,10965379.00000000,1738074599999,341489.72337000,2421,5310259.00000000,165412.17960000,0
ACHUSDT,1738074600000,0.03122000,0.03167000,0.03111000,0.03134000,36387424.00000000,1738075499999,1144419.36477000,4392,17981847.00000000,565366.01514000,0
ACHUSDT,1738075500000,0.03135000,0.03155000,0.03102000,0.03126000,17545729.00000000,1738076399999,547909.99005000,2682,8610873.00000000,269006.91252000,0
ACHUSDT,1738076400000,0.03127000,0.03162000,0.03101000,0.03102000,13766278.00000000,1738077299999,431701.52522000,2605,7352374.00000000,230756.29556000,0
ACHUSDT,1738077300000,0.03102000,0.03127000,0.03052000,0.03116000,32845617.00000000,1738078199999,1014246.57547000,4598,13954026.00000000,431188.02399000,0
ACHUSDT,1738078200000,0.03115000,0.03160000,0.03114000,0.03121000,22662344.00000000,1738079099999,709477.05926000,3007,9343405.00000000,292574.56448000,0
ACHUSDT,1738079100000,0.03121000,0.03132000,0.03060000,0.03084000,14646520.00000000,1738079999999,452971.31788000,2366,6445287.00000000,199427.31662000,0
ACHUSDT,1738080000000,0.03084000,0.03113000,0.03059000,0.03081000,21013215.00000000,1738080899999,647516.01039000,3184,9828544.00000000,303061.63311000,0
ACHUSDT,1738080900000,0.03079000,0.03132000,0.03069000,0.03129000,16084633.00000000,1738081799999,498903.67634000,2937,9295059.00000000,288489.87355000,0
ACHUSDT,1738081800000,0.03127000,0.03234000,0.03127000,0.03171000,43825111.00000000,1738082699999,1393208.29765000,7328,29644346.00000000,942858.87839000,0
ACHUSDT,1738082700000,0.03172000,0.03195000,0.03103000,0.03106000,21805405.00000000,1738083599999,683702.12905000,4050,10735132.00000000,336602.97170000,0
ACHUSDT,1738083600000,0.03107000,0.03123000,0.03086000,0.03106000,29036481.00000000,1738084499999,900492.38723000,3412,11746623.00000000,364333.52431000,0
ACHUSDT,1738084500000,0.03105000,0.03138000,0.03085000,0.03095000,17471277.00000000,1738085399999,543804.06496000,2602,8839397.00000000,275284.08697000,0
ACHUSDT,1738085400000,0.03094000,0.03112000,0.03076000,0.03103000,13636103.00000000,1738086299999,421876.88782000,2016,6682115.00000000,206858.94280000,0
ACHUSDT,1738086300000,0.03102000,0.03122000,0.03078000,0.03079000,11286487.00000000,1738087199999,350479.68589000,1679,6949505.00000000,215988.14464000,0
ACHUSDT,1738087200000,0.03080000,0.03086000,0.03013000,0.03023000,24414222.00000000,1738088099999,741525.59724000,3967,10712712.00000000,325572.52062000,0
ACHUSDT,1738088100000,0.03024000,0.03034000,0.03004000,0.03029000,19459673.00000000,1738088999999,587345.52766000,3523,8836830.00000000,266784.79373000,0
ACHUSDT,1738089000000,0.03028000,0.03040000,0.02972000,0.02975000,27422778.00000000,1738089899999,822398.51484000,4464,10597270.00000000,318204.63669000,0
ACHUSDT,1738089900000,0.02974000,0.03009000,0.02968000,0.03001000,21546493.00000000,1738090799999,643314.28561000,2773,13841181.00000000,413620.83764000,0
ACHUSDT,1738090800000,0.02999000,0.03010000,0.02975000,0.02998000,14034803.00000000,1738091699999,419293.11119000,2654,7799157.00000000,232980.18775000,0
ACHUSDT,1738091700000,0.02998000,0.03001000,0.02962000,0.02978000,16043088.00000000,1738092599999,477321.89054000,2279,5509004.00000000,163935.10715000,0
ACHUSDT,1738092600000,0.02978000,0.02984000,0.02926000,0.02956000,25202144.00000000,1738093499999,743082.20607000,3990,12694391.00000000,374286.35748000,0
ACHUSDT,1738093500000,0.02955000,0.02999000,0.02952000,0.02983000,18423365.00000000,1738094399999,547702.85809000,3190,10735367.00000000,319397.75448000,0
ACHUSDT,1738094400000,0.02984000,0.03042000,0.02984000,0.03029000,25321757.00000000,1738095299999,764035.52621000,4193,15917035.00000000,480345.90886000,0
ACHUSDT,1738095300000,0.03030000,0.03065000,0.03028000,0.03057000,28572089.00000000,1738096199999,870946.68373000,3776,18566485.00000000,565814.71133000,0
ACHUSDT,1738096200000,0.03057000,0.03080000,0.02999000,0.03005000,32073585.00000000,1738097099999,976974.92225000,4754,17730763.00000000,541114.40311000,0
ACHUSDT,1738097100000,0.03006000,0.03013000,0.02980000,0.03011000,13887337.00000000,1738097999999,416130.60395000,2998,8115277.00000000,243245.72466000,0
ACHUSDT,1738098000000,0.03010000,0.03018000,0.02977000,0.02981000,13886421.00000000,1738098899999,416426.78010000,2203,5889163.00000000,176720.22113000,0
ACHUSDT,1738098900000,0.02980000,0.03003000,0.02960000,0.02997000,11518649.00000000,1738099799999,342835.46949000,1889,6257492.00000000,186378.42278000,0
ACHUSDT,1738099800000,0.02997000,0.03002000,0.02972000,0.02981000,8244825.00000000,1738100699999,246285.39506000,1367,4879613.00000000,145779.67939000,0
ACHUSDT,1738100700000,0.02982000,0.02983000,0.02929000,0.02935000,13647619.00000000,1738101599999,403125.75160000,1979,4465148.00000000,131739.00041000,0
ACHUSDT,1738101600000,0.02935000,0.02954000,0.02927000,0.02953000,17142894.00000000,1738102499999,503953.47316000,2297,8580581.00000000,252219.02679000,0
ACHUSDT,1738102500000,0.02953000,0.02988000,0.02946000,0.02964000,12170431.00000000,1738103399999,361026.32744000,1414,6345141.00000000,188149.74003000,0
ACHUSDT,1738103400000,0.02964000,0.02986000,0.02953000,0.02965000,8011316.00000000,1738104299999,238018.80186000,1162,4094236.00000000,121563.30795000,0
ACHUSDT,1738104300000,0.02964000,0.03039000,0.02964000,0.02999000,18717430.00000000,1738105199999,562908.05876000,3364,11915495.00000000,358420.22828000,0
ACHUSDT,1738105200000,0.02999000,0.03057000,0.02995000,0.03035000,14264550.00000000,1738106099999,431870.04087000,2801,8853332.00000000,268038.04502000,0
ACHUSDT,1738106100000,0.03036000,0.03100000,0.03020000,0.03080000,22209728.00000000,1738106999999,680869.40162000,3431,14870533.00000000,456395.88031000,0
ACHUSDT,1738107000000,0.03077000,0.03134000,0.03059000,0.03105000,29509931.00000000,1738107899999,915707.95828000,5724,16014824.00000000,496464.91405000,0
ACHUSDT,1738107900000,0.03106000,0.03107000,0.03066000,0.03090000,18586944.00000000,1738108799999,573230.46111000,2493,9464503.00000000,291758.14850000,0
ACHUSDT,1738108800000,0.03090000,0.03190000,0.03068000,0.03152000,43667469.00000000,1738109699999,1376541.16173000,7728,21339578.00000000,672412.41326000,0
ACHUSDT,1738109700000,0.03150000,0.03190000,0.03100000,0.03112000,30228195.00000000,1738110599999,952372.77738000,4037,15292179.00000000,481904.37333000,0
ACHUSDT,1738110600000,0.03113000,0.03127000,0.03092000,0.03121000,18891412.00000000,1738111499999,587065.58296000,2281,8778738.00000000,273069.87157000,0
ACHUSDT,1738111500000,0.03120000,0.03138000,0.03086000,0.03098000,10753633.00000000,1738112399999,334298.82419000,1689,4936165.00000000,153543.66805000,0
ACHUSDT,1738112400000,0.03098000,0.03107000,0.03050000,0.03076000,11304438.00000000,1738113299999,346757.21293000,1512,4329887.00000000,132827.11475000,0
ACHUSDT,1738113300000,0.03075000,0.03083000,0.03036000,0.03038000,6860319.00000000,1738114199999,209987.09043000,1013,3011992.00000000,92207.67590000,0
ACHUSDT,1738114200000,0.03038000,0.03040000,0.03002000,0.03021000,16358107.00000000,1738115099999,493895.17503000,1768,8866214.00000000,267725.43541000,0
ACHUSDT,1738115100000,0.03021000,0.03060000,0.03012000,0.03057000,10352169.00000000,1738115999999,314005.11181000,1275,6651143.00000000,201979.41895000,0
ACHUSDT,1738116000000,0.03056000,0.03115000,0.03053000,0.03100000,10660972.00000000,1738116899999,329471.02286000,1695,6319502.00000000,195169.54495000,0
ACHUSDT,1738116900000,0.03100000,0.03130000,0.03096000,0.03119000,12095542.00000000,1738117799999,376730.78673000,1599,6133342.00000000,191079.77398000,0
ACHUSDT,1738117800000,0.03120000,0.03176000,0.03117000,0.03141000,10354439.00000000,1738118699999,326068.79136000,1712,5860697.00000000,184504.08842000,0
ACHUSDT,1738118700000,0.03142000,0.03159000,0.03118000,0.03142000,6587861.00000000,1738119599999,206762.93296000,1087,3194530.00000000,100303.11637000,0
ACHUSDT,1738119600000,0.03143000,0.03184000,0.03128000,0.03163000,10207567.00000000,1738120499999,322314.87054000,1417,5967636.00000000,188537.59816000,0
ACHUSDT,1738120500000,0.03163000,0.03189000,0.03129000,0.03187000,5859418.00000000,1738121399999,184773.55951000,893,2896263.00000000,91541.47482000,0
ACHUSDT,1738121400000,0.03187000,0.03326000,0.03175000,0.03298000,39274107.00000000,1738122299999,1284201.68254000,7494,19959466.00000000,652066.41044000,0
ACHUSDT,1738122300000,0.03300000,0.03331000,0.03262000,0.03296000,24216526.00000000,1738123199999,798275.62755000,4754,10434882.00000000,344198.56465000,0
ACHUSDT,1738123200000,0.03293000,0.03362000,0.03276000,0.03338000,29125324.00000000,1738124099999,970445.20617000,5597,13978718.00000000,465699.38002000,0
ACHUSDT,1738124100000,0.03341000,0.03362000,0.03267000,0.03295000,24816218.00000000,1738124999999,821417.01643000,4150,12547488.00000000,415638.72942000,0
ACHUSDT,1738125000000,0.03293000,0.03293000,0.03213000,0.03224000,17573438.00000000,1738125899999,571085.22675000,2926,8392969.00000000,272565.17820000,0
ACHUSDT,1738125900000,0.03223000,0.03272000,0.03223000,0.03238000,6657019.00000000,1738126799999,216418.73123000,1136,3121622.00000000,101469.17737000,0
ACHUSDT,1738126800000,0.03239000,0.03316000,0.03220000,0.03224000,16297594.00000000,1738127699999,532214.42993000,2624,8160273.00000000,266636.47212000,0
ACHUSDT,1738127700000,0.03225000,0.03228000,0.03186000,0.03187000,14115315.00000000,1738128599999,452315.90860000,2065,4645072.00000000,149014.26347000,0
ACHUSDT,1738128600000,0.03187000,0.03250000,0.03176000,0.03240000,10634587.00000000,1738129499999,342004.07871000,1827,5864521.00000000,188756.24302000,0
ACHUSDT,1738129500000,0.03238000,0.03350000,0.03226000,0.03304000,25772109.00000000,1738130399999,848951.47731000,3573,16447738.00000000,541351.01822000,0
ACHUSDT,1738130400000,0.03305000,0.03630000,0.03297000,0.03591000,73667041.00000000,1738131299999,2583990.84230000,13436,43587957.00000000,1526262.17528000,0
ACHUSDT,1738131300000,0.03592000,0.03661000,0.03479000,0.03564000,54029706.00000000,1738132199999,1922882.23979000,12272,23184667.00000000,824788.90288000,0
ACHUSDT,1738132200000,0.03563000,0.03583000,0.03451000,0.03511000,38439918.00000000,1738133099999,1352557.98767000,7407,19775804.00000000,695860.39161000,0
ACHUSDT,1738133100000,0.03511000,0.03748000,0.03500000,0.03714000,59492983.00000000,1738133999999,2182486.91217000,12418,31347770.00000000,1148461.18927000,0
ACHUSDT,1738134000000,0.03712000,0.03798000,0.03675000,0.03679000,73287461.00000000,1738134899999,2730971.29849000,15684,39588293.00000000,1475897.64120000,0
ACHUSDT,1738134900000,0.03679000,0.03686000,0.03613000,0.03628000,25948451.00000000,1738135799999,945979.83944000,5583,12726081.00000000,464086.81159000,0
ACHUSDT,1738135800000,0.03629000,0.03770000,0.03621000,0.03735000,46946446.00000000,1738136699999,1745742.80535000,11240,21945511.00000000,815223.46516000,0
ACHUSDT,1738136700000,0.03732000,0.03755000,0.03552000,0.03599000,38463000.00000000,1738137599999,1396193.50167000,8435,18822779.00000000,683246.12263000,0
ACHUSDT,1738137600000,0.03598000,0.03727000,0.03595000,0.03625000,30989466.00000000,1738138499999,1137451.96369000,7067,16448978.00000000,603721.67538000,0
ACHUSDT,1738138500000,0.03624000,0.03760000,0.03612000,0.03688000,26508034.00000000,1738139399999,975366.98098000,6511,15222717.00000000,560637.03510000,0
ACHUSDT,1738139400000,0.03687000,0.03838000,0.03617000,0.03806000,56244330.00000000,1738140299999,2106778.52737000,17318,25818510.00000000,967678.59342000,0
ACHUSDT,1738140300000,0.03806000,0.03815000,0.03710000,0.03776000,45540266.00000000,1738141199999,1712803.70417000,14669,21294787.00000000,801280.51111000,0
ACHUSDT,1738141200000,0.03775000,0.03826000,0.03713000,0.03763000,40271897.00000000,1738142099999,1517117.78490000,11582,18386569.00000000,692699.31614000,0
ACHUSDT,1738142100000,0.03765000,0.03875000,0.03665000,0.03679000,61965495.00000000,1738142999999,2351953.53695000,16799,26177195.00000000,994714.09969000,0
ACHUSDT,1738143000000,0.03679000,0.03743000,0.03649000,0.03701000,33852915.00000000,1738143899999,1253254.98808000,8120,18204752.00000000,673958.07934000,0
ACHUSDT,1738143900000,0.03702000,0.03704000,0.03633000,0.03662000,22918470.00000000,1738144799999,840741.59256000,4808,11392667.00000000,418219.72851000,0
ACHUSDT,1738144800000,0.03663000,0.03698000,0.03614000,0.03694000,29457887.00000000,1738145699999,1076495.40783000,5455,12927891.00000000,473200.96977000,0
ACHUSDT,1738145700000,0.03697000,0.03778000,0.03667000,0.03766000,31172109.00000000,1738146599999,1162840.29116000,6666,16169322.00000000,603914.42434000,0
ACHUSDT,1738146600000,0.03766000,0.03815000,0.03746000,0.03796000,26274674.00000000,1738147499999,994556.46701000,5354,12952798.00000000,490503.84440000,0
ACHUSDT,1738147500000,0.03796000,0.03850000,0.03761000,0.03811000,33112216.00000000,1738148399999,1262438.10655000,6202,17479560.00000000,666749.94611000,0
ACHUSDT,1738148400000,0.03813000,0.03822000,0.03709000,0.03712000,31339621.00000000,1738149299999,1172626.32143000,8281,12531774.00000000,468771.24509000,0
ACHUSDT,1738149300000,0.03713000,0.03750000,0.03671000,0.03733000,22772674.00000000,1738150199999,845051.98378000,4402,11572919.00000000,429869.51631000,0
ACHUSDT,1738150200000,0.03734000,0.03749000,0.03663000,0.03726000,17846776.00000000,1738151099999,660409.92962000,4127,8774473.00000000,324727.15941000,0
ACHUSDT,1738151100000,0.03726000,0.03803000,0.03702000,0.03788000,25729609.00000000,1738151999999,968106.09864000,5487,14110628.00000000,530607.58925000,0
ACHUSDT,1738152000000,0.03785000,0.03940000,0.03773000,0.03871000,72641374.00000000,1738152899999,2826535.41563000,15514,43461664.00000000,1691037.81222000,0
ACHUSDT,1738152900000,0.03869000,0.03992000,0.03854000,0.03938000,64363158.00000000,1738153799999,2539410.06211000,18174,31323146.00000000,1236439.93050000,0
ACHUSDT,1738153800000,0.03936000,0.04100000,0.03930000,0.04039000,110558855.00000000,1738154699999,4440589.23964000,30160,50313961.00000000,2021725.26736000,0
ACHUSDT,1738154700000,0.04039000,0.04087000,0.03888000,0.03891000,61680706.00000000,1738155599999,2455374.95250000,17436,29555536.00000000,1177684.49264000,0
ACHUSDT,1738155600000,0.03888000,0.03888000,0.03782000,0.03854000,62651346.00000000,1738156499999,2395926.70891000,14433,31965671.00000000,1223653.66019000,0
ACHUSDT,1738156500000,0.03854000,0.03857000,0.03765000,0.03770000,37140339.00000000,1738157399999,1415383.51699000,8753,19311092.00000000,736261.61677000,0
ACHUSDT,1738157400000,0.03770000,0.03831000,0.03722000,0.03802000,59197491.00000000,1738158299999,2235088.83100000,12342,26743949.00000000,1010407.22997000,0
ACHUSDT,1738158300000,0.03804000,0.03832000,0.03687000,0.03702000,36506415.00000000,1738159199999,1366379.54036000,8707,16804625.00000000,628397.18468000,0
ACHUSDT,1738159200000,0.03703000,0.03739000,0.03650000,0.03699000,40404225.00000000,1738160099999,1495299.94928000,8025,22198394.00000000,821459.42329000,0
ACHUSDT,1738160100000,0.03699000,0.03714000,0.03649000,0.03681000,31419186.00000000,1738160999999,1156919.15006000,5982,14288594.00000000,526377.29656000,0
ACHUSDT,1738161000000,0.03681000,0.03728000,0.03620000,0.03714000,45790798.00000000,1738161899999,1686177.24298000,8407,23099104.00000000,851095.89877000,0
ACHUSDT,1738161900000,0.03713000,0.03738000,0.03649000,0.03658000,40585596.00000000,1738162799999,1502527.42701000,7122,20162458.00000000,746269.41157000,0
ACHUSDT,1738162800000,0.03659000,0.03695000,0.03583000,0.03685000,46012530.00000000,1738163699999,1670319.30685000,7820,20224298.00000000,735255.57368000,0
ACHUSDT,1738163700000,0.03685000,0.03769000,0.03659000,0.03689000,34268189.00000000,1738164599999,1275332.43668000,7268,18591256.00000000,691881.78864000,0
ACHUSDT,1738164600000,0.03690000,0.03699000,0.03590000,0.03604000,28179282.00000000,1738165499999,1024151.54859000,5351,13232931.00000000,481160.43152000,0
ACHUSDT,1738165500000,0.03602000,0.03627000,0.03572000,0.03607000,22235490.00000000,1738166399999,800669.07575000,3936,11202258.00000000,403512.57412000,0
ACHUSDT,1738166400000,0.03607000,0.03688000,0.03593000,0.03614000,33056304.00000000,1738167299999,1202647.70801000,7713,16953379.00000000,616725.82055000,0
ACHUSDT,1738167300000,0.03613000,0.03656000,0.03584000,0.03619000,24405486.00000000,1738168199999,883399.43600000,4551,12860455.00000000,465812.56326000,0
ACHUSDT,1738168200000,0.03619000,0.03669000,0.03616000,0.03662000,21121801.00000000,1738169099999,770791.99778000,4106,12179649.00000000,444502.89319000,0
ACHUSDT,1738169100000,0.03663000,0.03737000,0.03648000,0.03698000,40710442.00000000,1738169999999,1505465.28832000,7145,25123054.00000000,929033.26907000,0
ACHUSDT,1738170000000,0.03697000,0.03739000,0.03628000,0.03638000,29190590.00000000,1738170899999,1075615.02240000,5719,14895303.00000000,549266.25617000,0
ACHUSDT,1738170900000,0.03640000,0.03667000,0.03611000,0.03659000,22939856.00000000,1738171799999,833128.21268000,5035,12742241.00000000,462987.61286000,0
ACHUSDT,1738171800000,0.03660000,0.03728000,0.03642000,0.03700000,28534218.00000000,1738172699999,1053561.30669000,5338,16870546.00000000,623134.63473000,0
ACHUSDT,1738172700000,0.03701000,0.03740000,0.03685000,0.03730000,20925871.00000000,1738173599999,778358.77083000,3973,10678031.00000000,397336.25916000,0
ACHUSDT,1738173600000,0.03731000,0.03846000,0.03718000,0.03834000,59574220.00000000,1738174499999,2257807.08518000,11652,30532872.00000000,1157658.72935000,0
ACHUSDT,1738174500000,0.03836000,0.03847000,0.03738000,0.03777000,43136143.00000000,1738175399999,1631955.67355000,8935,22155320.00000000,838309.37217000,0
ACHUSDT,1738175400000,0.03778000,0.03833000,0.03777000,0.03779000,37907352.00000000,1738176299999,1443577.00353000,6097,17959691.00000000,683810.53478000,0
ACHUSDT,1738176300000,0.03780000,0.03821000,0.03713000,0.03731000,30374682.00000000,1738177199999,1146340.98112000,6492,14033647.00000000,529649.58927000,0
ACHUSDT,1738177200000,0.03731000,0.03731000,0.03663000,0.03713000,57787111.00000000,1738178099999,2138480.05878000,9674,30181536.00000000,1117752.41537000,0
ACHUSDT,1738178100000,0.03712000,0.03715000,0.03606000,0.03619000,37906545.00000000,1738178999999,1380928.02434000,7106,18465587.00000000,672906.81499000,0
ACHUSDT,1738179000000,0.03617000,0.03871000,0.03613000,0.03800000,89289739.00000000,1738179899999,3365344.94535000,18696,47676351.00000000,1796629.94107000,0
ACHUSDT,1738179900000,0.03800000,0.03810000,0.03668000,0.03686000,63309229.00000000,1738180799999,2365789.19249000,13575,32062852.00000000,1198731.55540000,0
ACHUSDT,1738180800000,0.03684000,0.03773000,0.03657000,0.03736000,33815094.00000000,1738181699999,1256424.50831000,6436,17724421.00000000,658631.45268000,0
ACHUSDT,1738181700000,0.03735000,0.03856000,0.03711000,0.03849000,42052383.00000000,1738182599999,1593817.95787000,8929,22212477.00000000,842400.64765000,0
ACHUSDT,1738182600000,0.03850000,0.03955000,0.03850000,0.03911000,51987929.00000000,1738183499999,2025008.56607000,11091,28317105.00000000,1103245.78324000,0
ACHUSDT,1738183500000,0.03910000,0.03975000,0.03817000,0.03829000,51476918.00000000,1738184399999,2013038.99968000,10314,27639035.00000000,1081740.79162000,0
ACHUSDT,1738184400000,0.03829000,0.03831000,0.03697000,0.03767000,42131530.00000000,1738185299999,1585060.12818000,8826,22318386.00000000,839316.40259000,0
ACHUSDT,1738185300000,0.03767000,0.03878000,0.03755000,0.03846000,34152330.00000000,1738186199999,1306374.98228000,7418,18684991.00000000,714446.35915000,0
ACHUSDT,1738186200000,0.03845000,0.03908000,0.03801000,0.03821000,30164288.00000000,1738187099999,1162167.71245000,6225,15179899.00000000,585387.35684000,0
ACHUSDT,1738187100000,0.03819000,0.03837000,0.03779000,0.03793000,22516554.00000000,1738187999999,856959.75456000,4505,11894006.00000000,452943.64453000,0
ACHUSDT,1738188000000,0.03795000,0.03824000,0.03740000,0.03816000,26191004.00000000,1738188899999,989691.98359000,4629,13718809.00000000,518593.33344000,0
ACHUSDT,1738188900000,0.03815000,0.03835000,0.03788000,0.03810000,10661653.00000000,1738189799999,405849.51118000,2130,5366022.00000000,204294.49322000,0
ACHUSDT,1738189800000,0.03812000,0.03892000,0.03797000,0.03812000,16248416.00000000,1738190699999,625090.72833000,3480,8338440.00000000,320840.96190000,0
ACHUSDT,1738190700000,0.03813000,0.03849000,0.03798000,0.03828000,8201888.00000000,1738191599999,313912.45313000,2127,4059225.00000000,155436.42884000,0
ACHUSDT,1738191600000,0.03830000,0.03895000,0.03814000,0.03873000,17456469.00000000,1738192499999,673114.64830000,3826,9564681.00000000,368886.54557000,0
ACHUSDT,1738192500000,0.03873000,0.03891000,0.03797000,0.03821000,22485328.00000000,1738193399999,864960.97470000,4604,11190075.00000000,430505.69852000,0
ACHUSDT,1738193400000,0.03821000,0.03836000,0.03690000,0.03704000,22398986.00000000,1738194299999,840288.76861000,4768,8933913.00000000,335333.37912000,0
ACHUSDT,1738194300000,0.03705000,0.03784000,0.03699000,0.03761000,23645086.00000000,1738195199999,885370.52501000,4842,12650851.00000000,473453.04577000,0
ACHUSDT,1738195200000,0.03762000,0.03793000,0.03716000,0.03745000,15750042.00000000,1738196099999,589573.25733000,2981,9575244.00000000,358493.10470000,0
ACHUSDT,1738196100000,0.03746000,0.03773000,0.03675000,0.03706000,18602432.00000000,1738196999999,690624.62172000,3850,8229213.00000000,305442.06992000,0
ACHUSDT,1738197000000,0.03706000,0.03712000,0.03659000,0.03696000,14816412.00000000,1738197899999,546085.66582000,3376,7386994.00000000,272298.38375000,0
ACHUSDT,1738197900000,0.03696000,0.03728000,0.03655000,0.03697000,13147708.00000000,1738198799999,484893.59665000,2882,5653364.00000000,208428.44696000,0
ACHUSDT,1738198800000,0.03698000,0.03715000,0.03654000,0.03700000,14438269.00000000,1738199699999,532614.18742000,3191,6627539.00000000,244404.92697000,0
ACHUSDT,1738199700000,0.03700000,0.03757000,0.03683000,0.03738000,14035045.00000000,1738200599999,522669.22504000,3737,6956952.00000000,259160.79565000,0
ACHUSDT,1738200600000,0.03739000,0.03765000,0.03722000,0.03758000,8909205.00000000,1738201499999,333390.56127000,2563,4914567.00000000,183959.45937000,0
ACHUSDT,1738201500000,0.03759000,0.03802000,0.03715000,0.03735000,17599116.00000000,1738202399999,662452.62255000,3791,9008633.00000000,339012.41339000,0
ACHUSDT,1738202400000,0.03735000,0.03763000,0.03678000,0.03727000,13345433.00000000,1738203299999,494553.67561000,3058,6540645.00000000,242392.28012000,0
ACHUSDT,1738203300000,0.03727000,0.03793000,0.03696000,0.03782000,15139694.00000000,1738204199999,568924.91522000,3405,8559822.00000000,321618.00983000,0
ACHUSDT,1738204200000,0.03784000,0.03812000,0.03763000,0.03777000,14879067.00000000,1738205099999,563539.73105000,3227,6689826.00000000,253574.64999000,0
ACHUSDT,1738205100000,0.03777000,0.03847000,0.03756000,0.03818000,15912992.00000000,1738205999999,604769.93796000,3866,8295458.00000000,315147.93543000,0
ACHUSDT,1738206000000,0.03817000,0.03817000,0.03704000,0.03745000,18621523.00000000,1738206899999,697872.20027000,3722,9933226.00000000,371759.11103000,0
ACHUSDT,1738206900000,0.03744000,0.03810000,0.03732000,0.03783000,11315208.00000000,1738207799999,426826.95729000,2728,5782812.00000000,218128.24291000,0
ACHUSDT,1738207800000,0.03784000,0.03849000,0.03775000,0.03798000,13272877.00000000,1738208699999,506834.24638000,3150,7035696.00000000,268747.97664000,0
ACHUSDT,1738208700000,0.03797000,0.03827000,0.03783000,0.03826000,11019372.00000000,1738209599999,418823.13604000,2803,6055855.00000000,230213.94620000,0
ACHUSDT,1738209600000,0.03827000,0.03841000,0.03756000,0.03776000,13726057.00000000,1738210499999,520927.85273000,3063,7556301.00000000,286765.07994000,0
ACHUSDT,1738210500000,0.03776000,0.03818000,0.03752000,0.03780000,12619755.00000000,1738211399999,476875.74347000,3200,5969070.00000000,225634.89809000,0
ACHUSDT,1738211400000,0.03780000,0.03808000,0.03772000,0.03806000,6963536.00000000,1738212299999,263766.04267000,1657,3340221.00000000,126549.59703000,0
ACHUSDT,1738212300000,0.03805000,0.03865000,0.03804000,0.03841000,21535149.00000000,1738213199999,826529.36035000,4268,10596781.00000000,406676.70588000,0
ACHUSDT,1738213200000,0.03843000,0.03862000,0.03795000,0.03814000,19254102.00000000,1738214099999,736351.85672000,3361,11500417.00000000,439796.78355000,0
ACHUSDT,1738214100000,0.03815000,0.03880000,0.03794000,0.03833000,17514537.00000000,1738214999999,672030.09017000,3368,9542245.00000000,366485.18299000,0
ACHUSDT,1738215000000,0.03833000,0.03893000,0.03831000,0.03859000,19149554.00000000,1738215899999,740353.26320000,3968,10805194.00000000,417857.92435000,0
ACHUSDT,1738215900000,0.03860000,0.03958000,0.03844000,0.03923000,31770797.00000000,1738216799999,1245836.37703000,6559,18157632.00000000,712309.40509000,0
ACHUSDT,1738216800000,0.03924000,0.04000000,0.03760000,0.03789000,64091055.00000000,1738217699999,2501906.63738000,12079,38605046.00000000,1512680.23912000,0
ACHUSDT,1738217700000,0.03789000,0.03834000,0.03766000,0.03781000,23230979.00000000,1738218599999,882655.98253000,5258,13335732.00000000,507007.63290000,0
ACHUSDT,1738218600000,0.03782000,0.03847000,0.03774000,0.03816000,16046019.00000000,1738219499999,611795.98765000,3371,7198662.00000000,274730.66003000,0
ACHUSDT,1738219500000,0.03816000,0.03833000,0.03765000,0.03783000,11078707.00000000,1738220399999,419880.35980000,2365,5351825.00000000,202859.25237000,0
ACHUSDT,1738220400000,0.03785000,0.03797000,0.03713000,0.03765000,18822014.00000000,1738221299999,705542.24557000,4148,9813446.00000000,367997.12548000,0
ACHUSDT,1738221300000,0.03764000,0.03779000,0.03686000,0.03718000,15023703.00000000,1738222199999,559025.26636000,3148,5468943.00000000,203590.78031000,0
ACHUSDT,1738222200000,0.03719000,0.03749000,0.03691000,0.03724000,13101366.00000000,1738223099999,487511.70344000,3360,6054258.00000000,225343.99722000,0
ACHUSDT,1738223100000,0.03725000,0.03731000,0.03680000,0.03720000,13204576.00000000,1738223999999,489308.64215000,3051,6610521.00000000,245130.31003000,0
ACHUSDT,1738224000000,0.03721000,0.03756000,0.03628000,0.03661000,24547946.00000000,1738224899999,904063.37050000,4622,9500028.00000000,350278.03831000,0
ACHUSDT,1738224900000,0.03661000,0.03689000,0.03638000,0.03684000,12146470.00000000,1738225799999,445466.39692000,2662,5550005.00000000,203651.89424000,0
ACHUSDT,1738225800000,0.03685000,0.03745000,0.03683000,0.03729000,12425684.00000000,1738226699999,461750.43758000,3101,7645963.00000000,284280.34837000,0
ACHUSDT,1738226700000,0.03728000,0.03797000,0.03727000,0.03797000,16647624.00000000,1738227599999,627336.34631000,4198,11858627.00000000,446958.24922000,0
ACHUSDT,1738227600000,0.03795000,0.03867000,0.03795000,0.03856000,35821036.00000000,1738228499999,1375204.78408000,6469,19180092.00000000,736215.46850000,0
ACHUSDT,1738228500000,0.03855000,0.03872000,0.03824000,0.03831000,20725637.00000000,1738229399999,798082.31943000,3903,10534197.00000000,405774.28435000,0
ACHUSDT,1738229400000,0.03830000,0.03884000,0.03817000,0.03844000,17442297.00000000,1738230299999,671787.73862000,4098,9049864.00000000,348890.25421000,0
ACHUSDT,1738230300000,0.03844000,0.03866000,0.03819000,0.03863000,10359504.00000000,1738231199999,398646.28447000,3079,5672143.00000000,218355.43702000,0
ACHUSDT,1738231200000,0.03862000,0.03899000,0.03834000,0.03883000,15787037.00000000,1738232099999,611196.25915000,4175,8826968.00000000,341793.55677000,0
ACHUSDT,1738232100000,0.03884000,0.03954000,0.03884000,0.03945000,36470531.00000000,1738232999999,1432421.83129000,6296,20400102.00000000,800644.65833000,0
ACHUSDT,1738233000000,0.03944000,0.04070000,0.03935000,0.04020000,49039489.00000000,1738233899999,1962722.81360000,9737,30351866.00000000,1214588.81289000,0
ACHUSDT,1738233900000,0.04020000,0.04052000,0.03964000,0.03979000,32439896.00000000,1738234799999,1299761.17182000,6260,15383401.00000000,616663.57215000,0
ACHUSDT,1738234800000,0.03978000,0.04002000,0.03935000,0.03973000,15173544.00000000,1738235699999,602990.13158000,3505,8638922.00000000,343673.54755000,0
ACHUSDT,1738235700000,0.03970000,0.03970000,0.03910000,0.03932000,17250466.00000000,1738236599999,678064.91685000,4362,8433827.00000000,331547.95213000,0
ACHUSDT,1738236600000,0.03932000,0.04150000,0.03924000,0.04026000,54495284.00000000,1738237499999,2207915.53798000,10916,28271743.00000000,1145087.12921000,0
ACHUSDT,1738237500000,0.04024000,0.04032000,0.03956000,0.03975000,18955324.00000000,1738238399999,756199.83407000,3659,9456256.00000000,377615.18114000,0
ACHUSDT,1738238400000,0.03975000,0.03991000,0.03894000,0.03924000,15943682.00000000,1738239299999,626794.39927000,3380,6870680.00000000,270306.01179000,0
ACHUSDT,1738239300000,0.03923000,0.03942000,0.03895000,0.03912000,15540931.00000000,1738240199999,607733.71975000,3488,6523374.00000000,255166.63146000,0
ACHUSDT,1738240200000,0.03911000,0.03964000,0.03887000,0.03933000,13668750.00000000,1738241099999,536251.20578000,4256,7685983.00000000,301715.81660000,0
ACHUSDT,1738241100000,0.03933000,0.03945000,0.03865000,0.03907000,16857841.00000000,1738241999999,655694.08757000,4244,7055169.00000000,274779.99620000,0
ACHUSDT,1738242000000,0.03907000,0.03939000,0.03891000,0.03902000,9714650.00000000,1738242899999,380243.25912000,2585,6101082.00000000,238862.43967000,0
ACHUSDT,1738242900000,0.03902000,0.03950000,0.03872000,0.03890000,15266728.00000000,1738243799999,597138.04714000,4883,8284943.00000000,324186.62980000,0
ACHUSDT,1738243800000,0.03889000,0.04064000,0.03868000,0.04007000,24347576.00000000,1738244699999,965581.97011000,6327,15509829.00000000,615649.08364000,0
ACHUSDT,1738244700000,0.04007000,0.04036000,0.03957000,0.03964000,17778128.00000000,1738245599999,709553.52916000,4088,8979395.00000000,358337.90318000,0
ACHUSDT,1738245600000,0.03965000,0.04075000,0.03951000,0.04070000,20954743.00000000,1738246499999,845011.63923000,4778,12784185.00000000,515485.75296000,0
ACHUSDT,1738246500000,0.04069000,0.04116000,0.04040000,0.04086000,32408280.00000000,1738247399999,1323680.46902000,6132,18593630.00000000,759997.32674000,0
ACHUSDT,1738247400000,0.04087000,0.04242000,0.04082000,0.04177000,54175378.00000000,1738248299999,2266421.40935000,11351,33460106.00000000,1399907.77344000,0
ACHUSDT,1738248300000,0.04175000,0.04294000,0.04118000,0.04263000,39776912.00000000,1738249199999,1673371.80948000,8228,22930470.00000000,966264.75507000,0
ACHUSDT,1738249200000,0.04263000,0.04388000,0.04167000,0.04363000,54791068.00000000,1738250099999,2344968.24418000,13477,29699535.00000000,1270636.55173000,0
ACHUSDT,1738250100000,0.04362000,0.04400000,0.04269000,0.04350000,66882958.00000000,1738250999999,2891043.16219000,15045,32643894.00000000,1410703.20272000,0
ACHUSDT,1738251000000,0.04350000,0.04750000,0.04348000,0.04657000,131675341.00000000,1738251899999,6015694.14485000,33732,74559869.00000000,3406852.06077000,0
ACHUSDT,1738251900000,0.04657000,0.04790000,0.04531000,0.04598000,111105982.00000000,1738252799999,5170525.81193000,31638,56435050.00000000,2628628.54330000,0
ACHUSDT,1738252800000,0.04600000,0.04770000,0.04496000,0.04664000,88155133.00000000,1738253699999,4082309.21306000,24479,45261980.00000000,2095662.46594000,0
ACHUSDT,1738253700000,0.04668000,0.04828000,0.04605000,0.04628000,67955329.00000000,1738254599999,3204885.31658000,19679,36056710.00000000,1701761.88555000,0
ACHUSDT,1738254600000,0.04626000,0.04656000,0.04580000,0.04617000,31996136.00000000,1738255499999,1476089.48347000,11938,17534189.00000000,809250.49653000,0
ACHUSDT,1738255500000,0.04616000,0.04679000,0.04520000,0.04555000,46382552.00000000,1738256399999,2116992.57040000,11636,26255014.00000000,1197539.42610000,0
ACHUSDT,1738256400000,0.04556000,0.04632000,0.04510000,0.04628000,28631609.00000000,1738257299999,1309666.56785000,7925,15060230.00000000,689002.34366000,0
ACHUSDT,1738257300000,0.04628000,0.04747000,0.04620000,0.04703000,40951541.00000000,1738258199999,1922728.45938000,10559,23034759.00000000,1081498.49067000,0
ACHUSDT,1738258200000,0.04702000,0.04944000,0.04702000,0.04884000,81201867.00000000,1738259099999,3923164.69724000,20779,45178599.00000000,2185816.39218000,0
ACHUSDT,1738259100000,0.04881000,0.04882000,0.04738000,0.04768000,46341895.00000000,1738259999999,2223804.78747000,13652,21625381.00000000,1038027.98779000,0
ACHUSDT,1738260000000,0.04766000,0.04869000,0.04739000,0.04774000,43525939.00000000,1738260899999,2091110.87987000,10201,23340757.00000000,1122075.49372000,0
ACHUSDT,1738260900000,0.04775000,0.04775000,0.04649000,0.04723000,31028067.00000000,1738261799999,1456811.99752000,7352,14028061.00000000,659054.12797000,0
ACHUSDT,1738261800000,0.04723000,0.04884000,0.04723000,0.04867000,39306663.00000000,1738262699999,1895360.66171000,9745,22198885.00000000,1069462.47052000,0
ACHUSDT,1738262700000,0.04865000,0.04900000,0.04753000,0.04863000,33421481.00000000,1738263599999,1612655.13003000,8511,16875137.00000000,815127.79617000,0
ACHUSDT,1738263600000,0.04861000,0.04905000,0.04741000,0.04750000,31647467.00000000,1738264499999,1530390.80242000,8789,16533871.00000000,801007.96369000,0
ACHUSDT,1738264500000,0.04750000,0.04763000,0.04606000,0.04665000,49580094.00000000,1738265399999,2309163.76825000,11360,21375980.00000000,996279.01375000,0
ACHUSDT,1738265400000,0.04664000,0.04784000,0.04661000,0.04752000,26600111.00000000,1738266299999,1259111.09050000,7121,13666737.00000000,647159.35486000,0
ACHUSDT,1738266300000,0.04752000,0.04786000,0.04670000,0.04752000,27393260.00000000,1738267199999,1294853.95716000,6672,12309458.00000000,582613.22059000,0
ACHUSDT,1738267200000,0.04753000,0.04833000,0.04738000,0.04766000,25657212.00000000,1738268099999,1227302.55619000,7029,12219943.00000000,584803.93164000,0
ACHUSDT,1738268100000,0.04762000,0.04767000,0.04684000,0.04708000,22503412.00000000,1738268999999,1060759.39808000,6385,12108336.00000000,570531.48385000,0
ACHUSDT,1738269000000,0.04708000,0.04776000,0.04667000,0.04694000,25640813.00000000,1738269899999,1211595.88736000,6805,11486617.00000000,542870.91023000,0
ACHUSDT,1738269900000,0.04692000,0.04711000,0.04564000,0.04580000,24899748.00000000,1738270799999,1151942.27397000,6287,12238687.00000000,566467.71903000,0
ACHUSDT,1738270800000,0.04580000,0.04650000,0.04559000,0.04609000,23184203.00000000,1738271699999,1068735.76043000,5113,13517960.00000000,623193.01188000,0
ACHUSDT,1738271700000,0.04609000,0.04719000,0.04604000,0.04700000,16720712.00000000,1738272599999,779400.24768000,4178,9885434.00000000,460435.67589000,0
ACHUSDT,1738272600000,0.04700000,0.04780000,0.04686000,0.04760000,23208023.00000000,1738273499999,1100971.85931000,5937,12658234.00000000,600586.60598000,0
ACHUSDT,1738273500000,0.04760000,0.04766000,0.04658000,0.04695000,22214560.00000000,1738274399999,1044951.77012000,4970,9782390.00000000,460174.70004000,0
ACHUSDT,1738274400000,0.04694000,0.04700000,0.04530000,0.04538000,23020986.00000000,1738275299999,1061543.91410000,5281,10230007.00000000,472721.13032000,0
ACHUSDT,1738275300000,0.04535000,0.04585000,0.04505000,0.04576000,22664933.00000000,1738276199999,1031682.49069000,4697,11197963.00000000,510158.48598000,0
ACHUSDT,1738276200000,0.04574000,0.04644000,0.04505000,0.04634000,22556116.00000000,1738277099999,1034432.80337000,4643,11888205.00000000,545203.09903000,0
ACHUSDT,1738277100000,0.04633000,0.04653000,0.04553000,0.04563000,13121546.00000000,1738277999999,602858.25721000,3399,6000212.00000000,275800.85347000,0
ACHUSDT,1738278000000,0.04560000,0.04602000,0.04457000,0.04509000,27082487.00000000,1738278899999,1225688.89746000,7064,12320743.00000000,557440.14747000,0
ACHUSDT,1738278900000,0.04508000,0.04651000,0.04497000,0.04614000,18251834.00000000,1738279799999,837204.70334000,6051,10981942.00000000,504348.99768000,0
ACHUSDT,1738279800000,0.04615000,0.04721000,0.04615000,0.04673000,31074101.00000000,1738280699999,1450667.12243000,6900,20138297.00000000,939950.99315000,0
ACHUSDT,1738280700000,0.04674000,0.04691000,0.04544000,0.04548000,13082445.00000000,1738281599999,603213.02951000,3852,5778960.00000000,266418.31582000,0
ACHUSDT,1738281600000,0.04549000,0.04580000,0.04472000,0.04484000,31587159.00000000,1738282499999,1426400.62560000,8540,14984751.00000000,676729.50748000,0
ACHUSDT,1738282500000,0.04484000,0.04504000,0.04435000,0.04469000,24788081.00000000,1738283399999,1109146.27285000,7814,12751352.00000000,570437.55576000,0
ACHUSDT,1738283400000,0.04468000,0.04531000,0.04444000,0.04489000,20026048.00000000,1738284299999,898190.50628000,7959,12527314.00000000,561898.15048000,0
ACHUSDT,1738284300000,0.04489000,0.04533000,0.04405000,0.04464000,19200601.00000000,1738285199999,857669.23634000,5907,9563396.00000000,427612.39341000,0
ACHUSDT,1738285200000,0.04463000,0.04481000,0.04412000,0.04437000,14768464.00000000,1738286099999,656729.17410000,4639,8132467.00000000,361690.35573000,0
ACHUSDT,1738286100000,0.04436000,0.04502000,0.04432000,0.04475000,16547086.00000000,1738286999999,739115.71695000,3876,10068119.00000000,449829.35345000,0
ACHUSDT,1738287000000,0.04476000,0.04609000,0.04475000,0.04604000,16673879.00000000,1738287899999,758149.14323000,4404,9346477.00000000,424790.66233000,0
ACHUSDT,1738287900000,0.04604000,0.04639000,0.04510000,0.04545000,24355732.00000000,1738288799999,1109848.82834000,5827,11645970.00000000,531061.25344000,0
ACHUSDT,1738288800000,0.04548000,0.04575000,0.04452000,0.04487000,12367128.00000000,1738289699999,556971.27957000,3984,6287792.00000000,283397.38880000,0
ACHUSDT,1738289700000,0.04489000,0.04547000,0.04473000,0.04480000,13335734.00000000,1738290599999,600982.28047000,3913,7024149.00000000,316508.06117000,0
ACHUSDT,1738290600000,0.04479000,0.04544000,0.04468000,0.04544000,8075258.00000000,1738291499999,364298.17740000,2622,4733968.00000000,213515.05287000,0
ACHUSDT,1738291500000,0.04544000,0.04666000,0.04532000,0.04558000,41789091.00000000,1738292399999,1915279.96556000,11195,27883032.00000000,1277855.26504000,0
ACHUSDT,1738292400000,0.04557000,0.04750000,0.04548000,0.04678000,47446781.00000000,1738293299999,2212891.00092000,12657,28940865.00000000,1350167.95135000,0
ACHUSDT,1738293300000,0.04678000,0.04744000,0.04604000,0.04678000,31246023.00000000,1738294199999,1460510.97944000,8670,15916515.00000000,744194.48284000,0
ACHUSDT,1738294200000,0.04678000,0.04729000,0.04655000,0.04701000,23128905.00000000,1738295099999,1085110.22780000,6111,12452007.00000000,584296.65127000,0
ACHUSDT,1738295100000,0.04703000,0.04714000,0.04597000,0.04622000,17551546.00000000,1738295999999,814413.93080000,4633,7077367.00000000,328772.00928000,0
ACHUSDT,1738296000000,0.04621000,0.04739000,0.04549000,0.04708000,40240550.00000000,1738296899999,1870148.15476000,8658,20811110.00000000,967722.57466000,0
ACHUSDT,1738296900000,0.04709000,0.04950000,0.04679000,0.04846000,70594020.00000000,1738297799999,3401526.83172000,20701,42441864.00000000,2049097.70683000,0
ACHUSDT,1738297800000,0.04844000,0.04888000,0.04770000,0.04806000,29346800.00000000,1738298699999,1416750.81710000,9413,13747338.00000000,663278.89008000,0
ACHUSDT,1738298700000,0.04805000,0.04887000,0.04781000,0.04799000,25519225.00000000,1738299599999,1231398.67277000,7773,13086284.00000000,631628.73029000,0
ACHUSDT,1738299600000,0.04798000,0.04837000,0.04740000,0.04760000,22773710.00000000,1738300499999,1090935.48493000,6702,11925887.00000000,571508.71712000,0
ACHUSDT,1738300500000,0.04761000,0.04814000,0.04738000,0.04803000,13902985.00000000,1738301399999,664319.26881000,3634,7675609.00000000,366643.21757000,0
ACHUSDT,1738301400000,0.04803000,0.04804000,0.04692000,0.04708000,12065267.00000000,1738302299999,571269.12810000,3168,4332284.00000000,205372.75567000,0
ACHUSDT,1738302300000,0.04707000,0.04758000,0.04667000,0.04748000,13685547.00000000,1738303199999,644894.33240000,3458,7379523.00000000,347939.26268000,0
ACHUSDT,1738303200000,0.04747000,0.04747000,0.04510000,0.04568000,32801186.00000000,1738304099999,1500502.83122000,8359,14017095.00000000,640257.18501000,0
ACHUSDT,1738304100000,0.04568000,0.04678000,0.04514000,0.04552000,33212346.00000000,1738304999999,1525619.77894000,8054,19335806.00000000,889146.19011000,0
ACHUSDT,1738305000000,0.04550000,0.04744000,0.04536000,0.04603000,42690340.00000000,1738305899999,1981492.56803000,12020,24512315.00000000,1138649.09550000,0
ACHUSDT,1738305900000,0.04601000,0.04606000,0.04552000,0.04558000,11373922.00000000,1738306799999,520894.77423000,2774,5010443.00000000,229456.25802000,0
ACHUSDT,1738306800000,0.04556000,0.04636000,0.04526000,0.04573000,17214412.00000000,1738307699999,788862.08281000,4286,8789038.00000000,403258.54811000,0
ACHUSDT,1738307700000,0.04571000,0.04617000,0.04554000,0.04579000,9003645.00000000,1738308599999,412921.62538000,2353,3997301.00000000,183377.02160000,0
ACHUSDT,1738308600000,0.04581000,0.04700000,0.04568000,0.04692000,25359361.00000000,1738309499999,1179029.24222000,6268,13254037.00000000,615704.09274000,0
ACHUSDT,1738309500000,0.04691000,0.04760000,0.04683000,0.04722000,28387571.00000000,1738310399999,1338486.30847000,9197,14619389.00000000,689695.39548000,0
ACHUSDT,1738310400000,0.04721000,0.04849000,0.04696000,0.04817000,31073599.00000000,1738311299999,1489663.97966000,10155,18007297.00000000,863536.98543000,0
ACHUSDT,1738311300000,0.04817000,0.04868000,0.04762000,0.04778000,39101382.00000000,1738312199999,1884932.34969000,11059,19068123.00000000,919580.69404000,0
ACHUSDT,1738312200000,0.04777000,0.04850000,0.04773000,0.04791000,22716550.00000000,1738313099999,1093612.28989000,6323,12009043.00000000,578081.48760000,0
ACHUSDT,1738313100000,0.04790000,0.04845000,0.04682000,0.04704000,35530904.00000000,1738313999999,1688752.43338000,8570,13933618.00000000,662672.30579000,0
ACHUSDT,1738314000000,0.04705000,0.04757000,0.04690000,0.04713000,13048036.00000000,1738314899999,616118.37647000,3684,7453331.00000000,352094.48459000,0
ACHUSDT,1738314900000,0.04715000,0.04780000,0.04696000,0.04727000,15698670.00000000,1738315799999,745097.99510000,3653,8275952.00000000,392828.98412000,0
ACHUSDT,1738315800000,0.04727000,0.04729000,0.04603000,0.04644000,23592710.00000000,1738316699999,1098919.44029000,5394,9062706.00000000,421622.10768000,0
ACHUSDT,1738316700000,0.04646000,0.04646000,0.04600000,0.04620000,14720511.00000000,1738317599999,680156.23139000,3801,6568835.00000000,303640.03611000,0
ACHUSDT,1738317600000,0.04621000,0.04640000,0.04575000,0.04599000,19510379.00000000,1738318499999,898939.19406000,4455,9936304.00000000,457807.75945000,0
ACHUSDT,1738318500000,0.04598000,0.04612000,0.04550000,0.04591000,14221869.00000000,1738319399999,650874.76333000,3703,5309109.00000000,243097.13303000,0
ACHUSDT,1738319400000,0.04592000,0.04627000,0.04549000,0.04569000,11823114.00000000,1738320299999,541924.65848000,2581,4790312.00000000,219899.15745000,0
ACHUSDT,1738320300000,0.04569000,0.04591000,0.04541000,0.04580000,7644253.00000000,1738321199999,348843.92219000,1907,3827422.00000000,174848.09611000,0
ACHUSDT,1738321200000,0.04581000,0.04609000,0.04531000,0.04539000,13521851.00000000,1738322099999,617397.38504000,3126,6463823.00000000,295495.87889000,0
ACHUSDT,1738322100000,0.04540000,0.04651000,0.04540000,0.04634000,10446335.00000000,1738322999999,480775.16166000,2945,5725825.00000000,263449.79461000,0
ACHUSDT,1738323000000,0.04636000,0.04686000,0.04563000,0.04596000,18474216.00000000,1738323899999,855984.86066000,4792,9093352.00000000,421706.08620000,0
ACHUSDT,1738323900000,0.04595000,0.04617000,0.04543000,0.04594000,14753322.00000000,1738324799999,675202.28203000,3627,6367569.00000000,291837.01548000,0
ACHUSDT,1738324800000,0.04592000,0.04748000,0.04592000,0.04740000,40589243.00000000,1738325699999,1905097.81831000,8586,23071844.00000000,1082413.79912000,0
ACHUSDT,1738325700000,0.04741000,0.04753000,0.04625000,0.04640000,16998525.00000000,1738326599999,796341.41443000,3783,7118510.00000000,333839.66761000,0
ACHUSDT,1738326600000,0.04641000,0.04691000,0.04441000,0.04492000,34608664.00000000,1738327499999,1572884.06605000,9149,14927998.00000000,678948.32249000,0
ACHUSDT,1738327500000,0.04491000,0.04551000,0.04490000,0.04519000,15488935.00000000,1738328399999,700249.05200000,3739,9367410.00000000,423476.45349000,0
ACHUSDT,1738328400000,0.04517000,0.04583000,0.04506000,0.04524000,16513307.00000000,1738329299999,750170.45983000,4588,9672578.00000000,439457.81846000,0
ACHUSDT,1738329300000,0.04524000,0.04636000,0.04519000,0.04636000,18489997.00000000,1738330199999,846834.63872000,5014,11009952.00000000,504479.76301000,0
ACHUSDT,1738330200000,0.04634000,0.04720000,0.04606000,0.04683000,30010028.00000000,1738331099999,1397609.48610000,7088,18039157.00000000,840599.36458000,0
ACHUSDT,1738331100000,0.04682000,0.04692000,0.04610000,0.04619000,12102149.00000000,1738331999999,562078.05341000,3095,4052650.00000000,188144.53706000,0
ACHUSDT,1738332000000,0.04617000,0.04622000,0.04503000,0.04513000,18354214.00000000,1738332899999,835180.42824000,4184,7845831.00000000,356781.21632000,0
ACHUSDT,1738332900000,0.04513000,0.04620000,0.04500000,0.04564000,12603744.00000000,1738333799999,575573.25134000,3595,7409084.00000000,338534.93205000,0
ACHUSDT,1738333800000,0.04566000,0.04624000,0.04539000,0.04610000,12961395.00000000,1738334699999,593786.84924000,4106,6374080.00000000,292011.92081000,0
ACHUSDT,1738334700000,0.04611000,0.04639000,0.04500000,0.04548000,30874972.00000000,1738335599999,1406554.41482000,7030,12643845.00000000,575451.99539000,0
ACHUSDT,1738335600000,0.04554000,0.04594000,0.04430000,0.04445000,19746288.00000000,1738336499999,887830.62927000,5682,8581884.00000000,386262.95625000,0
ACHUSDT,1738336500000,0.04443000,0.04538000,0.04437000,0.04512000,18902313.00000000,1738337399999,848857.94087000,5398,8448286.00000000,379366.68670000,0
ACHUSDT,1738337400000,0.04513000,0.04534000,0.04463000,0.04500000,21747099.00000000,1738338299999,979408.84284000,6855,11598009.00000000,522434.77703000,0
ACHUSDT,1738338300000,0.04500000,0.04546000,0.04479000,0.04486000,12350348.00000000,1738339199999,556439.34351000,3794,6246803.00000000,281528.43429000,0
ACHUSDT,1738339200000,0.04485000,0.04532000,0.04407000,0.04445000,23667484.00000000,1738340099999,1055670.11375000,5428,9662169.00000000,430996.19769000,0
ACHUSDT,1738340100000,0.04444000,0.04553000,0.04433000,0.04530000,22729755.00000000,1738340999999,1020587.91734000,5434,10398805.00000000,467597.46389000,0
ACHUSDT,1738341000000,0.04532000,0.04597000,0.04522000,0.04576000,23695703.00000000,1738341899999,1081451.42755000,5153,11596323.00000000,529626.32289000,0
ACHUSDT,1738341900000,0.04576000,0.04627000,0.04545000,0.04562000,21064209.00000000,1738342799999,965721.74713000,4443,10210681.00000000,468391.29046000,0
ACHUSDT,1738342800000,0.04562000,0.04579000,0.04516000,0.04570000,9586660.00000000,1738343699999,436097.05245000,2665,5962313.00000000,271404.26117000,0
ACHUSDT,1738343700000,0.04571000,0.04591000,0.04501000,0.04509000,9824018.00000000,1738344599999,444960.25998000,2263,4565606.00000000,206789.04995000,0
ACHUSDT,1738344600000,0.04508000,0.04540000,0.04487000,0.04505000,10461860.00000000,1738345499999,471974.33452000,2386,4814599.00000000,217338.95292000,0
ACHUSDT,1738345500000,0.04504000,0.04542000,0.04493000,0.04517000,8487799.00000000,1738346399999,383288.74661000,2203,4670317.00000000,210984.83662000,0
ACHUSDT,1738346400000,0.04516000,0.04680000,0.04515000,0.04623000,31997141.00000000,1738347299999,1480590.57737000,7095,18696760.00000000,865195.90491000,0
ACHUSDT,1738347300000,0.04625000,0.04692000,0.04616000,0.04630000,14188709.00000000,1738348199999,659058.66685000,3262,7887286.00000000,366642.60812000,0
ACHUSDT,1738348200000,0.04629000,0.04629000,0.04557000,0.04565000,15432664.00000000,1738349099999,708062.73283000,3633,6248910.00000000,286774.77496000,0
ACHUSDT,1738349100000,0.04565000,0.04579000,0.04518000,0.04527000,16187327.00000000,1738349999999,735523.00750000,3483,8846501.00000000,401936.03357000,0
ACHUSDT,1738350000000,0.04527000,0.04596000,0.04500000,0.04588000,11094215.00000000,1738350899999,503161.57363000,2901,5885455.00000000,267108.46349000,0
ACHUSDT,1738350900000,0.04589000,0.04629000,0.04519000,0.04519000,12242535.00000000,1738351799999,560678.44087000,2821,4839697.00000000,221716.78636000,0
ACHUSDT,1738351800000,0.04519000,0.04523000,0.04456000,0.04480000,18274185.00000000,1738352699999,820532.16112000,4093,8490326.00000000,381409.42835000,0
ACHUSDT,1738352700000,0.04480000,0.04497000,0.04457000,0.04464000,9350012.00000000,1738353599999,418273.46466000,2337,4582111.00000000,205003.04937000,0
ACHUSDT,1738353600000,0.04463000,0.04517000,0.04456000,0.04488000,8771492.00000000,1738354499999,393329.12159000,2105,4744557.00000000,212955.94992000,0
ACHUSDT,1738354500000,0.04487000,0.04610000,0.04485000,0.04604000,12098653.00000000,1738355399999,551202.86779000,3101,7700750.00000000,350650.78344000,0
ACHUSDT,1738355400000,0.04606000,0.04662000,0.04580000,0.04657000,21207752.00000000,1738356299999,980250.51668000,4602,10378614.00000000,479783.60698000,0
ACHUSDT,1738356300000,0.04656000,0.04680000,0.04552000,0.04586000,16554071.00000000,1738357199999,763619.50386000,3414,8158037.00000000,376565.47354000,0
ACHUSDT,1738357200000,0.04585000,0.04620000,0.04560000,0.04574000,8575568.00000000,1738358099999,393430.45219000,1950,4607502.00000000,211518.49231000,0
ACHUSDT,1738358100000,0.04571000,0.04587000,0.04535000,0.04540000,13216239.00000000,1738358999999,602832.40466000,2766,6821848.00000000,311123.00916000,0
ACHUSDT,1738359000000,0.04540000,0.04630000,0.04523000,0.04585000,10397510.00000000,1738359899999,475900.18834000,3641,6607955.00000000,302626.00869000,0
ACHUSDT,1738359900000,0.04585000,0.04627000,0.04547000,0.04558000,8828915.00000000,1738360799999,404115.94067000,2350,4459425.00000000,204272.08982000,0
ACHUSDT,1738360800000,0.04557000,0.04626000,0.04553000,0.04556000,10429516.00000000,1738361699999,479339.68613000,2459,5699055.00000000,262101.08116000,0
ACHUSDT,1738361700000,0.04554000,0.04575000,0.04478000,0.04481000,11201613.00000000,1738362599999,506629.24041000,2499,4593874.00000000,208076.98358000,0
ACHUSDT,1738362600000,0.04480000,0.04564000,0.04480000,0.04550000,8701677.00000000,1738363499999,393935.56301000,4141,4428674.00000000,200440.98365000,0
ACHUSDT,1738363500000,0.04549000,0.04561000,0.04472000,0.04535000,5627768.00000000,1738364399999,254067.40188000,2263,2839940.00000000,128253.74351000,0
ACHUSDT,1738364400000,0.04534000,0.04677000,0.04523000,0.04651000,46384249.00000000,1738365299999,2148519.07986000,8261,23258039.00000000,1075058.59613000,0
ACHUSDT,1738365300000,0.04652000,0.04768000,0.04629000,0.04751000,50247660.00000000,1738366199999,2357940.02263000,9157,22882059.00000000,1074805.77663000,0
ACHUSDT,1738366200000,0.04751000,0.04786000,0.04642000,0.04703000,32596580.00000000,1738367099999,1539623.80630000,7526,13857548.00000000,654622.58065000,0
ACHUSDT,1738367100000,0.04704000,0.04726000,0.04652000,0.04687000,10291190.00000000,1738367999999,482926.92122000,2968,5936172.00000000,278613.69032000,0
ACHUSDT,1738368000000,0.04688000,0.04767000,0.04653000,0.04765000,20181609.00000000,1738368899999,948937.42988000,6277,10199744.00000000,479563.97562000,0
ACHUSDT,1738368900000,0.04764000,0.04800000,0.04711000,0.04723000,22017822.00000000,1738369799999,1045584.74327000,5691,13529226.00000000,642916.55558000,0
ACHUSDT,1738369800000,0.04723000,0.04754000,0.04610000,0.04610000,13022060.00000000,1738370699999,611101.15490000,4946,5254391.00000000,246648.12433000,0
ACHUSDT,1738370700000,0.04609000,0.04738000,0.04590000,0.04702000,14095364.00000000,1738371599999,658152.99351000,4952,7553065.00000000,352662.66676000,0
ACHUSDT,1738371600000,0.04702000,0.04876000,0.04700000,0.04860000,20163757.00000000,1738372499999,967323.56410000,6644,11833777.00000000,567855.14662000,0
ACHUSDT,1738372500000,0.04858000,0.04877000,0.04679000,0.04718000,23638790.00000000,1738373399999,1131036.13445000,7329,11536048.00000000,551006.39226000,0
ACHUSDT,1738373400000,0.04721000,0.04858000,0.04721000,0.04831000,12391105.00000000,1738374299999,594558.99224000,3873,6424970.00000000,308490.06250000,0
ACHUSDT,1738374300000,0.04834000,0.04918000,0.04777000,0.04821000,20016155.00000000,1738375199999,968558.52328000,6014,11277355.00000000,545593.21870000,0
ACHUSDT,1738375200000,0.04819000,0.04824000,0.04720000,0.04752000,21809831.00000000,1738376099999,1038366.15141000,6739,11542600.00000000,549654.23451000,0
ACHUSDT,1738376100000,0.04752000,0.04891000,0.04726000,0.04869000,17122116.00000000,1738376999999,823277.18736000,4865,7439218.00000000,358690.30617000,0
ACHUSDT,1738377000000,0.04868000,0.05000000,0.04842000,0.04942000,38886558.00000000,1738377899999,1922990.86293000,12172,23113220.00000000,1143793.19041000,0
ACHUSDT,1738377900000,0.04943000,0.05555000,0.04922000,0.05450000,99652277.00000000,1738378799999,5228710.94046000,36151,62466191.00000000,3273514.44190000,0
ACHUSDT,1738378800000,0.05449000,0.05847000,0.05286000,0.05538000,102782377.00000000,1738379699999,5760074.76658000,41071,54778833.00000000,3074919.05271000,0
ACHUSDT,1738379700000,0.05541000,0.05660000,0.05478000,0.05598000,53400850.00000000,1738380599999,2974352.84712000,20242,28637878.00000000,1595233.80094000,0
ACHUSDT,1738380600000,0.05597000,0.05608000,0.05415000,0.05518000,57314334.00000000,1738381499999,3160053.72770000,18714,30239901.00000000,1667029.91194000,0
ACHUSDT,1738381500000,0.05517000,0.05585000,0.05392000,0.05413000,38264439.00000000,1738382399999,2104951.05078000,10613,17996984.00000000,989739.92302000,0
ACHUSDT,1738382400000,0.05415000,0.05600000,0.05340000,0.05486000,45161274.00000000,1738383299999,2463006.33261000,12990,20561771.00000000,1122043.77351000,0
ACHUSDT,1738383300000,0.05488000,0.05544000,0.05399000,0.05516000,29402597.00000000,1738384199999,1605587.06839000,8707,13735716.00000000,749730.09244000,0
ACHUSDT,1738384200000,0.05516000,0.05723000,0.05516000,0.05632000,50993266.00000000,1738385099999,2873088.02673000,17889,29186005.00000000,1645129.54757000,0
ACHUSDT,1738385100000,0.05631000,0.05792000,0.05580000,0.05620000,41797617.00000000,1738385999999,2364790.45042000,16563,22711045.00000000,1285417.53075000,0
ACHUSDT,1738386000000,0.05621000,0.05748000,0.05586000,0.05618000,23634281.00000000,1738386899999,1339775.09648000,9426,12203691.00000000,691737.85605000,0
ACHUSDT,1738386900000,0.05614000,0.05671000,0.05481000,0.05529000,35021938.00000000,1738387799999,1949443.84042000,12628,16300092.00000000,906636.35350000,0
ACHUSDT,1738387800000,0.05526000,0.05570000,0.05463000,0.05493000,36189667.00000000,1738388699999,1993377.75598000,12492,19022129.00000000,1048066.53349000,0
ACHUSDT,1738388700000,0.05494000,0.05500000,0.05412000,0.05462000,21930522.00000000,1738389599999,1197059.57178000,7782,11218391.00000000,612408.43385000,0
ACHUSDT,1738389600000,0.05464000,0.05570000,0.05446000,0.05562000,22171401.00000000,1738390499999,1223296.02376000,8856,10665283.00000000,588079.68064000,0
ACHUSDT,1738390500000,0.05563000,0.05700000,0.05551000,0.05639000,33591075.00000000,1738391399999,1889502.53732000,14989,17271917.00000000,972022.47049000,0
ACHUSDT,1738391400000,0.05637000,0.05750000,0.05615000,0.05692000,27564647.00000000,1738392299999,1568320.76266000,11544,15087130.00000000,858600.25645000,0
ACHUSDT,1738392300000,0.05696000,0.05810000,0.05678000,0.05773000,46425294.00000000,1738393199999,2676252.90503000,22090,21997630.00000000,1268461.18439000,0
ACHUSDT,1738393200000,0.05772000,0.05859000,0.05635000,0.05704000,58666437.00000000,1738394099999,3385708.64815000,21662,31249098.00000000,1804754.39115000,0
ACHUSDT,1738394100000,0.05701000,0.05820000,0.05701000,0.05791000,34531121.00000000,1738394999999,1992651.95536000,13441,18656472.00000000,1077031.46364000,0
ACHUSDT,1738395000000,0.05790000,0.05833000,0.05708000,0.05732000,27141286.00000000,1738395899999,1566983.16487000,11407,12012032.00000000,693742.19285000,0
ACHUSDT,1738395900000,0.05732000,0.05744000,0.05611000,0.05622000,30245680.00000000,1738396799999,1716389.88947000,11157,15415735.00000000,874557.67573000,0
ACHUSDT,1738396800000,0.05622000,0.05734000,0.05502000,0.05645000,51455214.00000000,1738397699999,2896731.73351000,14800,22686939.00000000,1276307.45122000,0
ACHUSDT,1738397700000,0.05644000,0.05706000,0.05569000,0.05683000,19828386.00000000,1738398599999,1117007.21570000,7254,10341070.00000000,582812.42326000,0
ACHUSDT,1738398600000,0.05681000,0.05695000,0.05562000,0.05604000,22395440.00000000,1738399499999,1256578.92943000,7194,10768851.00000000,603694.67769000,0
ACHUSDT,1738399500000,0.05602000,0.05611000,0.05451000,0.05461000,29559930.00000000,1738400399999,1631389.76511000,8842,14248314.00000000,785621.88903000,0
ACHUSDT,1738400400000,0.05460000,0.05547000,0.05404000,0.05447000,61818045.00000000,1738401299999,3378104.66049000,14669,26842686.00000000,1469849.02016000,0
ACHUSDT,1738401300000,0.05446000,0.05524000,0.05426000,0.05471000,18096333.00000000,1738402199999,992911.46288000,6465,10185753.00000000,558897.19813000,0
ACHUSDT,1738402200000,0.05471000,0.05539000,0.05461000,0.05476000,16606283.00000000,1738403099999,913493.74712000,5579,9144960.00000000,503130.42849000,0
ACHUSDT,1738403100000,0.05475000,0.05476000,0.05379000,0.05412000,30321583.00000000,1738403999999,1642298.27035000,7632,15318156.00000000,829339.69317000,0
ACHUSDT,1738404000000,0.05411000,0.05427000,0.05277000,0.05292000,27793018.00000000,1738404899999,1484312.00096000,8100,13045883.00000000,696899.20699000,0
ACHUSDT,1738404900000,0.05291000,0.05332000,0.05177000,0.05189000,27260283.00000000,1738405799999,1430966.60809000,8609,12678199.00000000,665939.35653000,0
ACHUSDT,1738405800000,0.05191000,0.05312000,0.05147000,0.05235000,26433950.00000000,1738406699999,1379328.47706000,8177,13773821.00000000,719963.82087000,0
ACHUSDT,1738406700000,0.05233000,0.05284000,0.05201000,0.05220000,16942966.00000000,1738407599999,885918.84217000,5877,7680756.00000000,401886.00514000,0
ACHUSDT,1738407600000,0.05223000,0.05305000,0.05203000,0.05230000,27522797.00000000,1738408499999,1444727.57579000,7030,11036425.00000000,580107.90261000,0
ACHUSDT,1738408500000,0.05230000,0.05259000,0.05128000,0.05206000,20737045.00000000,1738409399999,1075550.96979000,6683,10089469.00000000,523642.34907000,0
ACHUSDT,1738409400000,0.05207000,0.05238000,0.05070000,0.05084000,29221280.00000000,1738410299999,1499854.92309000,7610,13474169.00000000,692322.96302000,0
ACHUSDT,1738410300000,0.05083000,0.05141000,0.05073000,0.05098000,13167660.00000000,1738411199999,672438.94016000,4266,6518787.00000000,332752.58563000,0
ACHUSDT,1738411200000,0.05099000,0.05106000,0.04930000,0.05074000,32437291.00000000,1738412099999,1627584.94124000,9141,15051183.00000000,755918.83263000,0
ACHUSDT,1738412100000,0.05075000,0.05077000,0.04971000,0.05045000,16105840.00000000,1738412999999,808469.20748000,5680,9558726.00000000,479907.23225000,0
ACHUSDT,1738413000000,0.05044000,0.05062000,0.04964000,0.04964000,13258842.00000000,1738413899999,664211.87978000,4448,7448623.00000000,373453.90827000,0
ACHUSDT,1738413900000,0.04966000,0.04989000,0.04870000,0.04871000,28282937.00000000,1738414799999,1390834.96036000,7002,11866374.00000000,583679.96630000,0
ACHUSDT,1738414800000,0.04871000,0.04949000,0.04823000,0.04830000,38498980.00000000,1738415699999,1876296.72792000,10444,19306831.00000000,941135.50671000,0
ACHUSDT,1738415700000,0.04830000,0.04854000,0.04692000,0.04820000,79865810.00000000,1738416599999,3814571.86422000,19559,24528145.00000000,1172384.54518000,0
ACHUSDT,1738416600000,0.04819000,0.04820000,0.04730000,0.04735000,15609163.00000000,1738417499999,744300.69805000,5040,8002072.00000000,381627.92410000,0
ACHUSDT,1738417500000,0.04736000,0.04770000,0.04685000,0.04716000,14155176.00000000,1738418399999,669857.23129000,4763,7022759.00000000,332598.86949000,0
ACHUSDT,1738418400000,0.04714000,0.04867000,0.04709000,0.04802000,38809356.00000000,1738419299999,1867000.09885000,10395,22985421.00000000,1105524.34001000,0
ACHUSDT,1738419300000,0.04802000,0.04824000,0.04732000,0.04822000,20157182.00000000,1738420199999,962948.17173000,5555,12349660.00000000,590078.86482000,0
ACHUSDT,1738420200000,0.04820000,0.04848000,0.04651000,0.04673000,34954010.00000000,1738421099999,1663165.81823000,9409,15446016.00000000,736492.77072000,0
ACHUSDT,1738421100000,0.04672000,0.04685000,0.04537000,0.04593000,62433252.00000000,1738421999999,2879051.77721000,17678,24742586.00000000,1141455.99369000,0
ACHUSDT,1738422000000,0.04592000,0.04619000,0.04502000,0.04531000,55647285.00000000,1738422899999,2530305.67743000,17164,24987039.00000000,1136793.46883000,0
ACHUSDT,1738422900000,0.04531000,0.04561000,0.04502000,0.04534000,14667096.00000000,1738423799999,664097.97911000,3824,7714007.00000000,349364.06477000,0
ACHUSDT,1738423800000,0.04536000,0.04588000,0.04529000,0.04575000,11501640.00000000,1738424699999,524457.50347000,3043,6590879.00000000,300577.41654000,0
